Metabolites,Control,Cancer,P-value,FDR*,Fold Change**,Control,Cancer,P-value,FDR*,Fold Change**
xyloseœ,357 ñ 469,287 ñ 616,0.14,0.527,0.8,637 ñ 573,549 ñ 386,0.301,0.582,0.86
xylitol,311 ñ 273,419 ñ 834,0.856,0.949,1.35,207 ñ 250,140 ñ 73,0.306,0.582,0.68
xanthine,69 ñ 32,79 ñ 37,0.132,0.516,1.16,49 ñ 12,57 ñ 16,0.024,0.127,1.17
valine,81099 ñ 18314,76204 ñ 21657,0.219,0.589,0.94,42586 ñ 15433,41243 ñ 15012,0.864,0.951,0.97
uridine,144 ñ 55,138 ñ 54,0.699,0.886,0.96,114 ñ 37,111 ñ 30,0.879,0.952,0.97
uric acid,17926 ñ 9420,15311 ñ 8674,0.093,0.483,0.85,14129 ñ 5890,12328 ñ 4479,0.342,0.63,0.87
urea,196899 ñ 84339,157412 ñ 102363,0.02,0.222,0.8,179532 ñ 40525,184523 ñ 42921,0.606,0.813,1.03
tyrosine,28168 ñ 7676,25744 ñ 10769,0.108,0.506,0.91,16995 ñ 5330,16909 ñ 5152,0.802,0.928,1
tryptophan,24922 ñ 9245,17526 ñ 10639,0.001,0.047,0.7,15614 ñ 6000,14276 ñ 4817,0.505,0.74,0.91
trihydroxypyrazine NIST,97 ñ 38,116 ñ 47,0.098,0.494,1.2,ND,ND,ND,ND,ND
trans-4-hydroxyproline,857 ñ 539,749 ñ 422,0.398,0.755,0.88,576 ñ 379,605 ñ 490,0.674,0.847,1.05
tocopherol alpha,1430 ñ 1238,1617 ñ 1265,0.353,0.734,1.13,2105 ñ 921,1960 ñ 789,0.259,0.554,0.93
threose,ND,ND,ND,ND,ND,94 ñ 23,82 ñ 23,0.006,0.049,0.88
threonine,18424 ñ 4934,17242 ñ 5001,0.426,0.768,0.94,10687 ñ 4073,10933 ñ 3275,0.511,0.74,1.02
threonic acid,1211 ñ 686,1000 ñ 624,0.257,0.631,0.83,2000 ñ 1341,1222 ñ 722,0.002,0.031,0.61
threitol,341 ñ 198,333 ñ 305,0.472,0.775,0.98,206 ñ 92,197 ñ 121,0.396,0.663,0.96
taurine,1551 ñ 1381,1764 ñ 1082,0.256,0.631,1.14,1075 ñ 1861,1634 ñ 889,0,0.002,1.52
tagatose,443 ñ 185,440 ñ 249,0.777,0.904,0.99,753 ñ 356,569 ñ 285,0.005,0.042,0.76
sucrose,193 ñ 226,278 ñ 1027,0.664,0.878,1.44,223 ñ 525,87 ñ 62,0.024,0.127,0.39
succinic acid,216 ñ 59,251 ñ 127,0.21,0.585,1.17,244 ñ 94,258 ñ 101,0.503,0.74,1.06
stigmasterol,70 ñ 24,79 ñ 32,0.358,0.735,1.12,ND,ND,ND,ND,ND
stearic acid,78344 ñ 30191,83240 ñ 24992,0.355,0.735,1.06,65904 ñ 19652,66390 ñ 14748,0.711,0.869,1.01
sorbitol,526 ñ 300,444 ñ 305,0.188,0.563,0.84,ND,ND,ND,ND,ND
shikimic acid,622 ñ 1121,437 ñ 914,0.345,0.734,0.7,171 ñ 132,149 ñ 231,0.064,0.222,0.87
serine,15703 ñ 4964,15995 ñ 5588,0.908,0.973,1.02,5470 ñ 2457,5390 ñ 2704,0.822,0.937,0.99
salicylic acid,603 ñ 1692,4682 ñ 11324,0.055,0.387,7.76,6732 ñ 25234,334 ñ 705,0.001,0.017,0.05
salicylaldehyde,156 ñ 88,139 ñ 92,0.134,0.516,0.89,ND,ND,ND,ND,ND
saccharic acid,126 ñ 115,125 ñ 140,0.66,0.878,0.99,89 ñ 59,89 ñ 72,0.531,0.762,1
ribose,ND,ND,ND,ND,ND,54 ñ 25,45 ñ 16,0.423,0.671,0.82
ribitol,398 ñ 287,409 ñ 662,0.127,0.516,1.03,ND,ND,ND,ND,ND
rhamnose,873 ñ 298,1009 ñ 599,0.612,0.858,1.16,728 ñ 276,753 ñ 325,0.939,0.974,1.04
quinic acid,629 ñ 561,576 ñ 516,0.768,0.904,0.92,646 ñ 955,316 ñ 240,0.011,0.083,0.49
pyruvic acid,3580 ñ 1341,4043 ñ 1575,0.677,0.878,1.13,965 ñ 600,2576 ñ 1598,0,0.001,2.67
pyrophosphate,1108 ñ 663,2153 ñ 1526,0,0.015,1.94,1575 ñ 3978,3115 ñ 2210,0,0.001,1.98
pseudo uridine,1182 ñ 333,1396 ñ 1140,0.326,0.714,1.18,937 ñ 250,912 ñ 534,0.176,0.43,0.97
proline,50549 ñ 23691,41802 ñ 23022,0.175,0.554,0.83,33022 ñ 17528,28677 ñ 16592,0.256,0.553,0.87
pipecolic acid,316 ñ 301,296 ñ 242,0.775,0.904,0.94,263 ñ 462,123 ñ 126,0.023,0.127,0.47
pimelic acid,ND,ND,ND,ND,ND,68 ñ 36,96 ñ 101,0.266,0.56,1.42
phosphoethanolamine,216 ñ 94,294 ñ 140,0.004,0.093,1.36,ND,ND,ND,ND,ND
phenylethylamine,323 ñ 171,344 ñ 257,0.47,0.775,1.07,305 ñ 254,245 ñ 117,0.291,0.582,0.8
phenylalanine,10522 ñ 2657,11037 ñ 3071,0.476,0.775,1.05,7220 ñ 1722,7223 ñ 1694,0.936,0.974,1
phenylacetic acid,ND,ND,ND,ND,ND,81 ñ 37,66 ñ 26,0.011,0.084,0.82
pelargonic acid,6482 ñ 2041,5862 ñ 2565,0.084,0.472,0.9,2271 ñ 360,2202 ñ 441,0.296,0.582,0.97
p-cresol,877 ñ 480,878 ñ 747,0.483,0.781,1,ND,ND,ND,ND,ND
paracetamol,285 ñ 741,901 ñ 2421,0.222,0.589,3.16,175 ñ 370,213 ñ 485,0.677,0.847,1.22
parabanic acid NIST,569 ñ 349,699 ñ 378,0.155,0.529,1.23,303 ñ 122,352 ñ 187,0.301,0.582,1.16
palmitoleic acid,1678 ñ 1506,2954 ñ 3083,0.014,0.178,1.76,1365 ñ 1325,1698 ñ 1260,0.081,0.261,1.24
palmitic acid,13798 ñ 4693,15732 ñ 5220,0.142,0.527,1.14,12210 ñ 3605,12542 ñ 3137,0.491,0.726,1.03
oxoproline,39616 ñ 8849,45736 ñ 9536,0.005,0.093,1.15,46504 ñ 12210,44799 ñ 14621,0.425,0.672,0.96
oxalic acid,162676 ñ 118384,219059 ñ 123529,0.039,0.341,1.35,109385 ñ 42952,135029 ñ 58467,0.054,0.204,1.23
ornithine,19100 ñ 8864,20025 ñ 7215,0.514,0.799,1.05,10403 ñ 2904,12805 ñ 4118,0.005,0.047,1.23
oleic acid,2543 ñ 1869,3919 ñ 2555,0.063,0.395,1.54,2335 ñ 1796,2557 ñ 1453,0.277,0.573,1.1
octadecanol,148 ñ 65,153 ñ 78,0.902,0.97,1.04,ND,ND,ND,ND,ND
N-methylalanine,7687 ñ 3958,8152 ñ 3810,0.505,0.789,1.06,3846 ñ 2154,3907 ñ 2086,0.664,0.847,1.02
nicotinic acid,551 ñ 372,674 ñ 352,0.127,0.516,1.22,265 ñ 115,350 ñ 182,0.028,0.137,1.32
naproxen,7221 ñ 19691,4609 ñ 14971,0.729,0.899,0.64,1476 ñ 3890,501 ñ 2804,0.022,0.122,0.34
N-acetylmannosamine,157 ñ 81,138 ñ 51,0.451,0.773,0.88,ND,ND,ND,ND,ND
N-acetylglycine NIST,171 ñ 120,202 ñ 139,0.359,0.735,1.18,100 ñ 53,91 ñ 48,0.348,0.633,0.91
N-acetylglutamate,300 ñ 121,359 ñ 133,0.042,0.35,1.2,199 ñ 69,247 ñ 86,0.004,0.041,1.24
N-acetylglucosamine,ND,ND,ND,ND,ND,935027 ñ 104807,911626 ñ 100591,0.362,0.633,0.98
myristic acid,977 ñ 393,1162 ñ 532,0.229,0.6,1.19,632 ñ 191,681 ñ 266,0.363,0.633,1.08
myo-inositol,5806 ñ 2145,6844 ñ 6424,0.665,0.878,1.18,4172 ñ 1539,4523 ñ 3090,0.902,0.961,1.08
methylhexadecanoic acid,1340 ñ 422,1462 ñ 407,0.242,0.618,1.09,1055 ñ 282,1072 ñ 263,0.666,0.847,1.02
methionine sulfoxide,679 ñ 285,758 ñ 380,0.454,0.773,1.12,178 ñ 47,156 ñ 50,0.013,0.093,0.88
methionine,2249 ñ 687,2119 ñ 776,0.494,0.788,0.94,1093 ñ 461,976 ñ 445,0.183,0.441,0.89
methanolphosphate,302 ñ 212,294 ñ 142,0.634,0.872,0.98,282 ñ 88,254 ñ 84,0.096,0.298,0.9
mannitol,10548 ñ 12205,7108 ñ 9392,0.087,0.472,0.67,5853 ñ 8149,5356 ñ 9749,0.105,0.316,0.92
maltotriose,180 ñ 209,344 ñ 295,0,0.007,1.91,97 ñ 146,133 ñ 107,0.003,0.038,1.36
maltose,326 ñ 302,704 ñ 718,0,0.015,2.16,132 ñ 169,183 ñ 200,0.078,0.258,1.38
malonic acid,2194 ñ 3300,3252 ñ 8447,0.782,0.904,1.48,ND,ND,ND,ND,ND
malic acid,197 ñ 94,265 ñ 109,0.002,0.052,1.35,194 ñ 258,163 ñ 51,0.888,0.958,0.84
maleimide,413 ñ 205,411 ñ 170,0.853,0.949,1,242 ñ 117,254 ñ 313,0.457,0.695,1.05
lyxose,140 ñ 109,124 ñ 107,0.438,0.773,0.89,ND,ND,ND,ND,ND
lysine,27533 ñ 8385,21666 ñ 8964,0.003,0.079,0.79,16035 ñ 4028,14622 ñ 4376,0.06,0.217,0.91
linolenic acid,904 ñ 674,1282 ñ 805,0.067,0.399,1.42,1120 ñ 862,874 ñ 510,0.109,0.323,0.78
linoleic acid,814 ñ 554,1230 ñ 780,0.015,0.186,1.51,958 ñ 498,927 ñ 409,0.905,0.961,0.97
lignoceric acid,232 ñ 101,287 ñ 144,0.056,0.387,1.23,284 ñ 434,281 ñ 190,0.298,0.582,0.99
levoglucosan,444 ñ 511,521 ñ 693,0.824,0.926,1.17,276 ñ 276,280 ñ 254,0.694,0.859,1.02
levanbiose,89 ñ 46,119 ñ 222,0.535,0.813,1.35,ND,ND,ND,ND,ND
leucine,38360 ñ 11275,39853 ñ 14977,0.673,0.878,1.04,23383 ñ 10222,23305 ñ 10251,0.832,0.941,1
lauric acid,3871 ñ 2659,4479 ñ 3495,0.497,0.788,1.16,1125 ñ 259,1448 ñ 671,0.002,0.034,1.29
lathosterol NIST,63 ñ 21,68 ñ 28,0.601,0.856,1.08,ND,ND,ND,ND,ND
lactic acid,51391 ñ 24335,88315 ñ 76209,0.016,0.191,1.72,46361 ñ 32362,84632 ñ 39230,0,0.001,1.83
lactamide,250 ñ 144,320 ñ 184,0.125,0.516,1.28,86 ñ 42,145 ñ 72,0,0.001,1.69
kynurenine,160 ñ 61,230 ñ 500,0.329,0.718,1.44,96 ñ 36,105 ñ 37,0.419,0.669,1.09
isothreonic acid,525 ñ 146,604 ñ 803,0.761,0.904,1.15,720 ñ 347,584 ñ 339,0.007,0.055,0.81
isolinoleic acid NIST,131 ñ 90,158 ñ 94,0.185,0.563,1.21,ND,ND,ND,ND,ND
isoleucine,27809 ñ 8433,28327 ñ 11452,0.971,0.985,1.02,16053 ñ 5131,17198 ñ 5653,0.284,0.576,1.07
isocitric acid,456 ñ 113,523 ñ 252,0.366,0.735,1.15,348 ñ 116,358 ñ 123,0.766,0.904,1.03
inulobiose,267 ñ 162,379 ñ 639,0.651,0.878,1.42,274 ñ 731,192 ñ 160,0.757,0.9,0.7
inosine 5-monophosphate,73 ñ 27,100 ñ 54,0.013,0.168,1.36,ND,ND,ND,ND,ND
inosine,111 ñ 197,61 ñ 25,0.13,0.516,0.55,44 ñ 10,39 ñ 9,0.025,0.127,0.88
indole-3-lactate,558 ñ 167,512 ñ 231,0.128,0.516,0.92,353 ñ 222,320 ñ 147,0.457,0.695,0.91
indole-3-acetate,753 ñ 315,789 ñ 521,0.426,0.768,1.05,632 ñ 558,587 ñ 901,0.216,0.487,0.93
hypoxanthine,367 ñ 213,483 ñ 401,0.292,0.682,1.32,ND,ND,ND,ND,ND
hydroxylamine,1103 ñ 449,1205 ñ 468,0.36,0.735,1.09,529 ñ 150,522 ñ 168,0.742,0.894,0.99
histidine,7350 ñ 3212,5227 ñ 3688,0.002,0.072,0.71,3510 ñ 1602,2955 ñ 1404,0.053,0.202,0.84
hippuric acid,6470 ñ 4863,8554 ñ 5869,0.1,0.501,1.32,1890 ñ 805,3156 ñ 1709,0,0.01,1.67
heptadecanoic acid NIST,527 ñ 368,477 ñ 287,0.497,0.788,0.91,399 ñ 252,327 ñ 99,0.035,0.15,0.82
guanosine,66 ñ 22,57 ñ 24,0.02,0.222,0.87,ND,ND,ND,ND,ND
glyoxalurea NIST,177 ñ 108,245 ñ 109,0.007,0.123,1.38,ND,ND,ND,ND,ND
glycolic acid,568 ñ 199,629 ñ 211,0.197,0.573,1.11,672 ñ 219,639 ñ 167,0.838,0.945,0.95
glycine,78169 ñ 23916,78558 ñ 20494,0.855,0.949,1.01,53187 ñ 15925,47048 ñ 18468,0.021,0.122,0.89
glycerol-alpha-phosphate,282 ñ 98,345 ñ 165,0.004,0.093,1.22,1723 ñ 761,1362 ñ 801,0.028,0.137,0.79
glycerol-3-galactoside,365 ñ 252,376 ñ 347,0.672,0.878,1.03,489 ñ 155,499 ñ 166,0.573,0.788,1.02
glycerol,13854 ñ 5198,17099 ñ 11268,0.286,0.672,1.23,10999 ñ 7000,9952 ñ 4971,0.355,0.633,0.91
glyceric acid,1448 ñ 577,1508 ñ 536,0.525,0.806,1.04,1613 ñ 615,1428 ñ 597,0.043,0.174,0.89
glutaric acid,100 ñ 36,118 ñ 102,0.715,0.895,1.18,69 ñ 25,63 ñ 38,0.09,0.281,0.91
glutamine,50335 ñ 20356,40374 ñ 18318,0.01,0.162,0.8,38842 ñ 14273,25137 ñ 13034,0,0.001,0.65
glutamic acid,5700 ñ 1876,7102 ñ 3398,0.016,0.186,1.25,3213 ñ 1694,4070 ñ 1522,0.003,0.038,1.27
glucuronic acid,487 ñ 406,764 ñ 1740,0.683,0.879,1.57,451 ñ 556,325 ñ 386,0.055,0.207,0.72
glucose,194159 ñ 137046,155035 ñ 97076,0.152,0.529,0.8,60898 ñ 22497,54600 ñ 24166,0.062,0.222,0.9
gluconic acid,199 ñ 61,215 ñ 151,0.672,0.878,1.08,158 ñ 66,142 ñ 137,0.014,0.093,0.9
gamma-tocopherol,393 ñ 383,332 ñ 235,0.941,0.985,0.85,314 ñ 179,382 ñ 220,0.03,0.142,1.22
gamma-glutamyl-valine,104 ñ 70,84 ñ 41,0.044,0.35,0.81,ND,ND,ND,ND,ND
galactose-6-phosphate,61 ñ 24,58 ñ 23,0.743,0.904,0.95,ND,ND,ND,ND,ND
galactonic acid,231 ñ 103,238 ñ 173,0.615,0.858,1.03,ND,ND,ND,ND,ND
fumaric acid,259 ñ 123,260 ñ 103,0.998,1,1,156 ñ 53,181 ñ 62,0.068,0.233,1.17
fucose,584 ñ 406,597 ñ 335,0.487,0.781,1.02,340 ñ 75,317 ñ 79,0.128,0.356,0.93
fructose,3463 ñ 6621,1574 ñ 1571,0.242,0.618,0.46,26115 ñ 10770,17395 ñ 12146,0.003,0.035,0.67
ethanolamine,885 ñ 723,1168 ñ 977,0.16,0.532,1.32,660 ñ 404,999 ñ 898,0.019,0.109,1.51
erythrose,ND,ND,ND,ND,ND,80 ñ 26,67 ñ 24,0.017,0.102,0.84
erythritol,3882 ñ 12616,734 ñ 631,0.11,0.51,0.19,407 ñ 156,629 ñ 886,0.609,0.813,1.55
dodecanol,257 ñ 92,265 ñ 112,0.894,0.97,1.03,ND,ND,ND,ND,ND
dihydro-3-coumaric acid,686 ñ 733,644 ñ 612,0.759,0.904,0.94,268 ñ 96,237 ñ 82,0.148,0.391,0.89
deoxythreittol NIST,1185 ñ 445,1822 ñ 4291,0.893,0.97,1.54,ND,ND,ND,ND,ND
deoxytetronic acid NIST,973 ñ 654,1193 ñ 1268,0.311,0.695,1.23,ND,ND,ND,ND,ND
cytidine-5-diphosphate,96 ñ 32,130 ñ 84,0.005,0.093,1.36,ND,ND,ND,ND,ND
cystine,5050 ñ 2468,3044 ñ 2748,0,0.002,0.6,4929 ñ 1579,3886 ñ 1676,0.052,0.201,0.79
cysteine-glycine,236 ñ 146,235 ñ 156,0.758,0.904,1,159 ñ 45,193 ñ 88,0.056,0.208,1.21
cysteine,1507 ñ 1050,1230 ñ 597,0.563,0.834,0.82,790 ñ 398,714 ñ 337,0.356,0.633,0.9
cyano-L-alanine,107 ñ 91,107 ñ 84,0.969,0.985,1.01,ND,ND,ND,ND,ND
creatinine,5154 ñ 2591,5391 ñ 11319,0.014,0.179,1.05,2820 ñ 1106,2902 ñ 3199,0.419,0.669,1.03
conduritol beta expoxide,320 ñ 263,418 ñ 416,0.395,0.752,1.31,431 ñ 385,368 ñ 295,0.375,0.65,0.85
citrulline,632 ñ 280,471 ñ 183,0,0.011,0.75,461 ñ 169,359 ñ 191,0.003,0.037,0.78
citric acid,16040 ñ 3981,16366 ñ 5484,0.748,0.904,1.02,11512 ñ 3645,10504 ñ 3006,0.131,0.359,0.91
cholesterol,51016 ñ 38967,56451 ñ 41418,0.209,0.585,1.11,54802 ñ 13674,53193 ñ 12343,0.87,0.951,0.97
cellobiotol,144 ñ 114,277 ñ 266,0,0.015,1.93,ND,ND,ND,ND,ND
caprylic acid,682 ñ 213,656 ñ 202,0.562,0.834,0.96,966 ñ 272,829 ñ 275,0.031,0.143,0.86
capric acid,1117 ñ 383,1159 ñ 464,0.747,0.904,1.04,752 ñ 100,777 ñ 159,0.437,0.684,1.03
"butane-2,3-diol  NIST ",930 ñ 2746,1374 ñ 3896,0.399,0.755,1.48,ND,ND,ND,ND,ND
beta-sitosterol,115 ñ 51,103 ñ 80,0.159,0.531,0.9,ND,ND,ND,ND,ND
beta-mannosylglycerate,ND,ND,ND,ND,ND,2115 ñ 1300,1934 ñ 1112,0.412,0.669,0.91
beta-glycerolphosphate,ND,ND,ND,ND,ND,87 ñ 28,87 ñ 34,0.94,0.974,1
beta-alanine,212 ñ 136,246 ñ 182,0.525,0.806,1.16,111 ñ 61,102 ñ 61,0.297,0.582,0.92
benzylalcohol,787 ñ 433,918 ñ 794,0.942,0.985,1.17,29305 ñ 2695,29160 ñ 2742,0.875,0.951,1
benzoic acid,3026 ñ 675,2886 ñ 803,0.185,0.563,0.95,1432 ñ 233,1347 ñ 268,0.063,0.222,0.94
behenic acid,229 ñ 117,224 ñ 115,0.919,0.976,0.98,119 ñ 68,99 ñ 51,0.339,0.627,0.83
azelaic acid,90 ñ 46,100 ñ 36,0.149,0.529,1.12,49 ñ 16,53 ñ 15,0.284,0.576,1.09
aspartate,739 ñ 559,879 ñ 837,0.127,0.516,1.19,478 ñ 768,503 ñ 162,0.003,0.038,1.05
asparagine,2458 ñ 1033,2140 ñ 885,0.222,0.589,0.87,1902 ñ 651,1512 ñ 455,0.002,0.034,0.8
arachidonic acid,489 ñ 160,566 ñ 249,0.268,0.653,1.16,2988 ñ 1371,2222 ñ 1243,0.012,0.085,0.74
arachidic acid,2176 ñ 1065,1827 ñ 600,0.252,0.627,0.84,1897 ñ 801,1850 ñ 651,0.997,0.997,0.98
arabitol,147 ñ 64,156 ñ 141,0.962,0.985,1.06,88 ñ 39,87 ñ 64,0.215,0.487,0.98
arabinose,238 ñ 74,283 ñ 165,0.307,0.69,1.19,200 ñ 63,216 ñ 146,0.666,0.847,1.08
aminomalonic acid,1178 ñ 519,1251 ñ 451,0.415,0.768,1.06,1062 ñ 408,957 ñ 423,0.089,0.28,0.9
alpha ketoglutaric acid,385 ñ 123,446 ñ 285,0.212,0.585,1.16,140 ñ 56,178 ñ 76,0.009,0.068,1.28
allantoic acid,75 ñ 35,74 ñ 34,0.983,0.989,1,ND,ND,ND,ND,ND
alanine,124422 ñ 35741,124011 ñ 34021,0.795,0.91,1,73742 ñ 30099,67220 ñ 21747,0.46,0.695,0.91
adipic acid,485 ñ 328,478 ñ 418,0.594,0.851,0.99,292 ñ 202,260 ñ 55,0.657,0.846,0.89
adenosine-5-phosphate,203 ñ 177,440 ñ 346,0,0.002,2.16,178 ñ 422,259 ñ 174,0,0.004,1.46
aconitic acid,152 ñ 60,148 ñ 119,0.304,0.69,0.97,118 ñ 34,112 ñ 46,0.208,0.478,0.95
acetophenone NIST,916 ñ 755,963 ñ 914,0.697,0.886,1.05,714 ñ 175,709 ñ 188,0.672,0.847,0.99
6-deoxyglucitol NIST,1362 ñ 656,1228 ñ 765,0.087,0.472,0.9,ND,ND,ND,ND,ND
5-methoxytryptamine,187 ñ 180,299 ñ 272,0.033,0.317,1.6,136 ñ 243,181 ñ 161,0.017,0.102,1.33
5-hydroxynorvaline NIST,228 ñ 143,232 ñ 173,0.902,0.97,1.02,154 ñ 98,105 ñ 50,0.003,0.038,0.68
5-aminovaleric acid lactame,227 ñ 177,264 ñ 254,0.766,0.904,1.16,ND,ND,ND,ND,ND
4-hydroxyproline,2217 ñ 708,2588 ñ 1065,0.466,0.774,1.17,1952 ñ 540,1899 ñ 686,0.464,0.697,0.97
4-hydroxyphenylacetic acid,63 ñ 25,101 ñ 172,0.244,0.619,1.6,ND,ND,ND,ND,ND
3-phosphoglycerate,151 ñ 84,269 ñ 190,0,0.003,1.78,141 ñ 171,101 ñ 64,0.846,0.947,0.72
3-hydroxybutanoic acid,5402 ñ 5482,11704 ñ 22167,0.103,0.501,2.17,4093 ñ 5107,5559 ñ 5925,0.173,0.425,1.36
3-aminoisobutyric acid,435 ñ 272,480 ñ 283,0.362,0.735,1.11,391 ñ 206,909 ñ 3528,0.953,0.974,2.33
2-oxogluconic acid NIST,75 ñ 28,73 ñ 45,0.147,0.529,0.96,ND,ND,ND,ND,ND
2-ketoisocaproic acid,3587 ñ 1005,3629 ñ 1120,0.951,0.985,1.01,1939 ñ 701,2042 ñ 664,0.274,0.572,1.05
2-hydroxyvaleric acid,1707 ñ 5024,1816 ñ 4592,0.557,0.833,1.06,594 ñ 285,2242 ñ 10229,0.319,0.598,3.77
2-hydroxyhippuric acid,68 ñ 45,446 ñ 1914,0.005,0.093,6.54,76 ñ 87,51 ñ 34,0.031,0.142,0.67
2-hydroxyglutaric acid,250 ñ 92,332 ñ 184,0.004,0.091,1.33,351 ñ 165,342 ñ 108,0.915,0.961,0.98
2-hydroxybutanoic acid,11486 ñ 8094,12996 ñ 7017,0.217,0.589,1.13,7190 ñ 4294,8718 ñ 4691,0.079,0.258,1.21
2-deoxytetronic acid,141 ñ 50,174 ñ 80,0.121,0.516,1.23,711 ñ 310,762 ñ 395,0.953,0.974,1.07
2-deoxyerythritol,414 ñ 328,499 ñ 609,0.725,0.899,1.21,456 ñ 293,359 ñ 151,0.035,0.15,0.79
2-aminoadipic acid,83 ñ 32,94 ñ 40,0.305,0.69,1.14,ND,ND,ND,ND,ND
"2,3-dihydroxybutanoic acid NIST",123 ñ 44,134 ñ 53,0.445,0.773,1.08,77 ñ 32,84 ñ 38,0.379,0.65,1.09
"2,3,5-trihydroxypyrazine NIST",68 ñ 24,75 ñ 34,0.423,0.768,1.12,39 ñ 15,44 ñ 18,0.463,0.697,1.12
1-monostearin,67 ñ 29,63 ñ 54,0.056,0.387,0.93,106 ñ 85,88 ñ 25,0.347,0.633,0.83
1-monopalmitin,111 ñ 39,117 ñ 89,0.854,0.949,1.05,78 ñ 30,66 ñ 21,0.125,0.356,0.85
1-monoolein,ND,ND,ND,ND,ND,321 ñ 298,426 ñ 463,0.286,0.577,1.33
"1,5-anhydroglucitol",11979 ñ 5203,10848 ñ 5435,0.64,0.874,0.91,8125 ñ 3432,6630 ñ 3591,0.017,0.102,0.82
Bin_966308,ND,ND,ND,ND,ND,4100 ñ 321,4011 ñ 423,0.259,0.554,0.98
Bin_951230,290 ñ 814,560 ñ 1178,0.044,0.35,1.93,471 ñ 1000,131 ñ 197,0.136,0.367,0.28
Bin_951227,230 ñ 430,571 ñ 1404,0.39,0.752,2.49,127 ñ 186,136 ñ 270,0.399,0.663,1.07
Bin_950117,438 ñ 205,999 ñ 3208,0.154,0.529,2.28,ND,ND,ND,ND,ND
Bin_949927,ND,ND,ND,ND,ND,119 ñ 81,131 ñ 84,0.451,0.694,1.11
Bin_944535,ND,ND,ND,ND,ND,312 ñ 121,348 ñ 130,0.244,0.536,1.12
Bin_944516,ND,ND,ND,ND,ND,123 ñ 43,119 ñ 49,0.657,0.846,0.97
Bin_944331,870 ñ 493,823 ñ 419,0.805,0.912,0.95,ND,ND,ND,ND,ND
Bin_944269,551 ñ 266,504 ñ 245,0.724,0.899,0.91,ND,ND,ND,ND,ND
Bin_944266,2897 ñ 2302,2912 ñ 2472,0.536,0.813,1.01,ND,ND,ND,ND,ND
Bin_944238,1060 ñ 368,986 ñ 327,0.423,0.768,0.93,ND,ND,ND,ND,ND
Bin_944230,ND,ND,ND,ND,ND,986 ñ 329,1048 ñ 353,0.452,0.694,1.06
Bin_944224,2260 ñ 1020,2015 ñ 968,0.165,0.534,0.89,ND,ND,ND,ND,ND
Bin_944218,549 ñ 373,557 ñ 307,0.616,0.858,1.01,ND,ND,ND,ND,ND
Bin_944210,263 ñ 106,253 ñ 102,0.394,0.752,0.96,171 ñ 61,176 ñ 56,0.555,0.772,1.03
Bin_944203,1547 ñ 1240,1484 ñ 750,0.445,0.773,0.96,ND,ND,ND,ND,ND
Bin_944192,756 ñ 230,1063 ñ 2214,0.635,0.872,1.41,385 ñ 86,376 ñ 96,0.759,0.9,0.98
Bin_944109,1424 ñ 896,1885 ñ 1084,0.066,0.396,1.32,ND,ND,ND,ND,ND
Bin_944087,1259 ñ 433,1583 ñ 1471,0.236,0.609,1.26,ND,ND,ND,ND,ND
Bin_944042,1334 ñ 701,1137 ñ 672,0.119,0.516,0.85,ND,ND,ND,ND,ND
Bin_944030,738 ñ 329,770 ñ 346,0.762,0.904,1.04,ND,ND,ND,ND,ND
Bin_944025,234 ñ 137,230 ñ 183,0.46,0.774,0.98,ND,ND,ND,ND,ND
Bin_943996,518 ñ 318,508 ñ 236,0.773,0.904,0.98,ND,ND,ND,ND,ND
Bin_943966,911 ñ 549,860 ñ 454,0.805,0.912,0.94,ND,ND,ND,ND,ND
Bin_943961,2506 ñ 2325,2910 ñ 3936,0.466,0.774,1.16,2300 ñ 2194,2328 ñ 1633,0.447,0.692,1.01
Bin_943946,1449 ñ 582,1404 ñ 681,0.381,0.747,0.97,320 ñ 103,334 ñ 131,0.622,0.818,1.04
Bin_941110,228 ñ 245,283 ñ 259,0.742,0.904,1.24,ND,ND,ND,ND,ND
Bin_940725,579 ñ 953,539 ñ 955,0.977,0.987,0.93,ND,ND,ND,ND,ND
Bin_940481,1223 ñ 361,1302 ñ 371,0.333,0.721,1.06,ND,ND,ND,ND,ND
Bin_928669,264 ñ 110,248 ñ 109,0.296,0.683,0.94,ND,ND,ND,ND,ND
Bin_920091,1970 ñ 880,2231 ñ 1073,0.374,0.737,1.13,ND,ND,ND,ND,ND
Bin_916945,2757 ñ 1690,2771 ñ 1811,0.613,0.858,1.01,ND,ND,ND,ND,ND
Bin_913830,661 ñ 2367,2225 ñ 9470,0.584,0.847,3.37,ND,ND,ND,ND,ND
Bin_900081,235 ñ 116,235 ñ 162,0.874,0.961,1,ND,ND,ND,ND,ND
Bin_878431,495 ñ 313,545 ñ 367,0.534,0.813,1.1,236 ñ 129,235 ñ 178,0.708,0.869,1
Bin_873650,2119 ñ 1774,1461 ñ 1462,0.059,0.391,0.69,1014 ñ 933,815 ñ 904,0.221,0.495,0.8
Bin_868909,ND,ND,ND,ND,ND,3741 ñ 725,3774 ñ 615,0.745,0.894,1.01
Bin_868881,615 ñ 276,612 ñ 235,0.787,0.904,1,620 ñ 196,568 ñ 197,0.389,0.656,0.92
Bin_860693,967 ñ 551,936 ñ 483,0.672,0.878,0.97,149 ñ 51,145 ñ 58,0.4,0.663,0.97
Bin_829585,247 ñ 214,215 ñ 121,0.689,0.879,0.87,ND,ND,ND,ND,ND
Bin_827800,1492 ñ 821,1351 ñ 853,0.392,0.752,0.91,ND,ND,ND,ND,ND
Bin_823068,365 ñ 169,337 ñ 125,0.77,0.904,0.92,175 ñ 53,168 ñ 51,0.551,0.772,0.96
Bin_815932,3357 ñ 2201,3068 ñ 2008,0.468,0.774,0.91,2297 ñ 884,2406 ñ 796,0.509,0.74,1.05
Bin_806065,5348 ñ 2407,4871 ñ 2935,0.191,0.563,0.91,ND,ND,ND,ND,ND
Bin_805533,230 ñ 133,243 ñ 128,0.676,0.878,1.06,ND,ND,ND,ND,ND
Bin_804449,ND,ND,ND,ND,ND,1515 ñ 377,1576 ñ 338,0.303,0.582,1.04
Bin_789185,ND,ND,ND,ND,ND,96 ñ 44,104 ñ 51,0.848,0.947,1.09
Bin_781707,534 ñ 342,610 ñ 459,0.338,0.727,1.14,662 ñ 227,600 ñ 243,0.362,0.633,0.91
Bin_780676,227 ñ 174,212 ñ 130,0.939,0.985,0.93,ND,ND,ND,ND,ND
Bin_780668,8608 ñ 1661,8097 ñ 2467,0.053,0.387,0.94,3438 ñ 800,3369 ñ 757,0.761,0.9,0.98
Bin_779718,1723 ñ 1884,1202 ñ 1177,0.061,0.394,0.7,ND,ND,ND,ND,ND
Bin_777363,2802 ñ 1774,2386 ñ 1588,0.134,0.516,0.85,ND,ND,ND,ND,ND
Bin_776547,2977 ñ 1042,2961 ñ 1234,0.783,0.904,1,ND,ND,ND,ND,ND
Bin_776004,298 ñ 166,292 ñ 176,0.441,0.773,0.98,ND,ND,ND,ND,ND
Bin_775915,449 ñ 147,424 ñ 170,0.156,0.529,0.95,ND,ND,ND,ND,ND
Bin_775893,378 ñ 215,369 ñ 198,0.779,0.904,0.97,ND,ND,ND,ND,ND
Bin_775885,5055 ñ 2334,4555 ñ 2626,0.207,0.585,0.9,ND,ND,ND,ND,ND
Bin_771489,ND,ND,ND,ND,ND,110 ñ 39,101 ñ 34,0.247,0.536,0.92
Bin_770424,1103 ñ 704,913 ñ 556,0.134,0.516,0.83,ND,ND,ND,ND,ND
Bin_770151,ND,ND,ND,ND,ND,1114 ñ 391,1075 ñ 355,0.759,0.9,0.97
Bin_727817,699 ñ 178,685 ñ 222,0.395,0.752,0.98,ND,ND,ND,ND,ND
Bin_724471,784 ñ 251,718 ñ 246,0.094,0.483,0.92,ND,ND,ND,ND,ND
Bin_716047,154 ñ 91,168 ñ 68,0.164,0.534,1.09,ND,ND,ND,ND,ND
Bin_715929,502 ñ 572,1162 ñ 1442,0,0.018,2.31,ND,ND,ND,ND,ND
Bin_705287,338 ñ 331,362 ñ 375,0.868,0.958,1.07,ND,ND,ND,ND,ND
Bin_703430,ND,ND,ND,ND,ND,172 ñ 51,165 ñ 70,0.209,0.478,0.96
Bin_703415,77 ñ 25,89 ñ 50,0.381,0.747,1.14,ND,ND,ND,ND,ND
Bin_701048,1261 ñ 1161,1261 ñ 1190,0.948,0.985,1,ND,ND,ND,ND,ND
Bin_693699,595 ñ 171,589 ñ 244,0.448,0.773,0.99,ND,ND,ND,ND,ND
Bin_693644,487 ñ 357,481 ñ 297,0.488,0.781,0.99,640 ñ 174,648 ñ 240,0.637,0.831,1.01
Bin_693625,4531 ñ 4902,4863 ñ 4490,0.324,0.713,1.07,7020 ñ 2125,6489 ñ 1945,0.261,0.554,0.92
Bin_681993,432 ñ 830,1093 ñ 2540,0.351,0.734,2.53,232 ñ 698,180 ñ 381,0.959,0.977,0.78
Bin_653386,599 ñ 236,616 ñ 216,0.769,0.904,1.03,339 ñ 53,328 ñ 65,0.292,0.582,0.97
Bin_650096,ND,ND,ND,ND,ND,139 ñ 36,137 ñ 39,0.577,0.792,0.99
Bin_640528,254 ñ 392,250 ñ 310,0.953,0.985,0.98,ND,ND,ND,ND,ND
Bin_629905,ND,ND,ND,ND,ND,114 ñ 157,57 ñ 76,0.029,0.137,0.5
Bin_626960,890 ñ 482,840 ñ 407,0.578,0.846,0.94,ND,ND,ND,ND,ND
Bin_626900,248 ñ 135,234 ñ 111,0.725,0.899,0.95,70 ñ 23,60 ñ 25,0.045,0.179,0.86
Bin_624867,648 ñ 386,797 ñ 433,0.13,0.516,1.23,469 ñ 166,531 ñ 262,0.364,0.633,1.13
Bin_623606,135 ñ 94,165 ñ 86,0.076,0.438,1.22,ND,ND,ND,ND,ND
Bin_623186,12280 ñ 6323,13769 ñ 7101,0.665,0.878,1.12,10873 ñ 5705,13131 ñ 5921,0.031,0.142,1.21
Bin_622027,ND,ND,ND,ND,ND,891 ñ 171,904 ñ 156,0.648,0.839,1.02
Bin_616805,ND,ND,ND,ND,ND,96 ñ 80,77 ñ 36,0.222,0.495,0.8
Bin_612625,1670 ñ 1093,1855 ñ 920,0.151,0.529,1.11,ND,ND,ND,ND,ND
Bin_607692,615 ñ 238,583 ñ 216,0.598,0.854,0.95,592 ñ 138,585 ñ 152,0.869,0.951,0.99
Bin_570717,ND,ND,ND,ND,ND,5375 ñ 1146,6071 ñ 1534,0.035,0.15,1.13
Bin_565895,ND,ND,ND,ND,ND,201 ñ 55,178 ñ 59,0.166,0.414,0.88
Bin_561230,1094 ñ 462,1216 ñ 620,0.525,0.806,1.11,637 ñ 483,649 ñ 507,0.793,0.923,1.02
Bin_560956,ND,ND,ND,ND,ND,5781 ñ 1615,5011 ñ 1970,0.007,0.059,0.87
Bin_558744,204 ñ 120,199 ñ 112,0.931,0.985,0.98,121 ñ 41,103 ñ 39,0.07,0.238,0.85
Bin_536211,251 ñ 228,190 ñ 182,0.091,0.482,0.76,291 ñ 359,273 ñ 352,0.61,0.813,0.94
Bin_508772,654 ñ 620,561 ñ 474,0.615,0.858,0.86,247 ñ 119,210 ñ 95,0.048,0.19,0.85
Bin_507925,1635 ñ 595,1346 ñ 544,0.008,0.132,0.82,912 ñ 279,873 ñ 373,0.246,0.536,0.96
Bin_504885,ND,ND,ND,ND,ND,196060 ñ 54272,199372 ñ 34734,0.55,0.772,1.02
Bin_503756,136 ñ 82,168 ñ 89,0.149,0.529,1.23,ND,ND,ND,ND,ND
Bin_483351,1198 ñ 3164,1304 ñ 5039,0.645,0.876,1.09,ND,ND,ND,ND,ND
Bin_483342,2535 ñ 1593,2525 ñ 1604,0.746,0.904,1,1031 ñ 656,1015 ñ 602,0.842,0.945,0.98
Bin_477827,ND,ND,ND,ND,ND,11445 ñ 3202,11626 ñ 2049,0.472,0.704,1.02
Bin_476001,800 ñ 503,1159 ñ 2375,0.574,0.843,1.45,ND,ND,ND,ND,ND
Bin_474690,260 ñ 149,231 ñ 159,0.223,0.589,0.89,ND,ND,ND,ND,ND
Bin_474686,ND,ND,ND,ND,ND,353 ñ 97,369 ñ 90,0.378,0.65,1.05
Bin_470909,227 ñ 182,188 ñ 104,0.311,0.695,0.83,116 ñ 43,106 ñ 38,0.314,0.596,0.92
Bin_466268,117 ñ 66,108 ñ 74,0.424,0.768,0.92,ND,ND,ND,ND,ND
Bin_460930,596 ñ 238,648 ñ 484,0.777,0.904,1.09,728 ñ 441,578 ñ 298,0.073,0.248,0.79
Bin_455838,136 ñ 134,116 ñ 54,0.619,0.858,0.86,ND,ND,ND,ND,ND
Bin_455836,527 ñ 281,412 ñ 221,0.108,0.506,0.78,ND,ND,ND,ND,ND
Bin_455826,707 ñ 300,662 ñ 276,0.747,0.904,0.94,ND,ND,ND,ND,ND
Bin_455395,91 ñ 49,74 ñ 28,0.142,0.527,0.81,66 ñ 25,65 ñ 20,0.995,0.997,0.98
Bin_455340,405 ñ 235,459 ñ 273,0.37,0.735,1.13,462 ñ 272,413 ñ 192,0.864,0.951,0.9
Bin_446955,636 ñ 565,811 ñ 789,0.348,0.734,1.27,400 ñ 382,321 ñ 200,0.618,0.816,0.8
Bin_446633,ND,ND,ND,ND,ND,1221 ñ 887,1528 ñ 958,0.126,0.356,1.25
Bin_445906,838 ñ 428,833 ñ 518,0.453,0.773,0.99,ND,ND,ND,ND,ND
Bin_443309,800 ñ 244,793 ñ 325,0.687,0.879,0.99,802 ñ 1240,423 ñ 209,0.001,0.014,0.53
Bin_438109,10666 ñ 6205,7487 ñ 3488,0.618,0.858,0.7,ND,ND,ND,ND,ND
Bin_438099,562 ñ 138,554 ñ 183,0.641,0.874,0.99,ND,ND,ND,ND,ND
Bin_438089,ND,ND,ND,ND,ND,531 ñ 236,682 ñ 434,0.128,0.356,1.28
Bin_438088,199 ñ 49,214 ñ 71,0.315,0.7,1.08,ND,ND,ND,ND,ND
Bin_438077,ND,ND,ND,ND,ND,252 ñ 98,271 ñ 96,0.163,0.411,1.08
Bin_438070,1125 ñ 783,1150 ñ 839,0.97,0.985,1.02,1250 ñ 340,1224 ñ 318,0.711,0.869,0.98
Bin_438061,12545 ñ 3614,12347 ñ 4383,0.367,0.735,0.98,3370 ñ 799,3317 ñ 560,0.976,0.988,0.98
Bin_438057,1275 ñ 566,1227 ñ 880,0.431,0.768,0.96,ND,ND,ND,ND,ND
Bin_437823,ND,ND,ND,ND,ND,182 ñ 81,206 ñ 94,0.261,0.554,1.13
Bin_437821,613 ñ 573,563 ñ 424,0.674,0.878,0.92,367 ñ 202,322 ñ 238,0.098,0.302,0.88
Bin_437814,11008 ñ 6238,7599 ñ 3344,0.464,0.774,0.69,ND,ND,ND,ND,ND
Bin_437810,ND,ND,ND,ND,ND,961 ñ 328,947 ñ 329,0.859,0.951,0.99
Bin_437802,10666 ñ 5303,7403 ñ 3424,0.364,0.735,0.69,5844 ñ 1811,4720 ñ 1845,0.001,0.028,0.81
Bin_437796,ND,ND,ND,ND,ND,1226 ñ 494,1367 ñ 368,0.024,0.127,1.12
Bin_437792,26136 ñ 54783,18146 ñ 29583,0.179,0.557,0.69,ND,ND,ND,ND,ND
Bin_437791,12232 ñ 6325,8755 ñ 3522,0.33,0.718,0.72,ND,ND,ND,ND,ND
Bin_437790,ND,ND,ND,ND,ND,426 ñ 303,317 ñ 372,0.016,0.101,0.74
Bin_437785,1067 ñ 554,1033 ñ 564,0.916,0.976,0.97,ND,ND,ND,ND,ND
Bin_428330,524 ñ 296,455 ñ 210,0.22,0.589,0.87,452 ñ 176,479 ñ 203,0.536,0.764,1.06
Bin_428311,2006 ñ 1140,1676 ñ 870,0.158,0.531,0.84,ND,ND,ND,ND,ND
Bin_425495,300 ñ 583,651 ñ 1046,0.016,0.186,2.17,ND,ND,ND,ND,ND
Bin_419655,725 ñ 683,847 ñ 913,0.904,0.97,1.17,ND,ND,ND,ND,ND
Bin_419631,1591 ñ 432,1481 ñ 405,0.103,0.501,0.93,ND,ND,ND,ND,ND
Bin_416137,ND,ND,ND,ND,ND,211 ñ 71,211 ñ 60,0.824,0.937,1
Bin_415158,199 ñ 93,237 ñ 372,0.934,0.985,1.19,ND,ND,ND,ND,ND
Bin_411030,342 ñ 282,477 ñ 1575,0.224,0.589,1.39,ND,ND,ND,ND,ND
Bin_409349,334 ñ 273,513 ñ 1715,0.68,0.878,1.54,ND,ND,ND,ND,ND
Bin_408731,1963 ñ 391,1875 ñ 446,0.18,0.557,0.96,189 ñ 80,178 ñ 59,0.91,0.961,0.94
Bin_408701,256 ñ 123,237 ñ 126,0.478,0.775,0.93,ND,ND,ND,ND,ND
Bin_408490,273 ñ 222,340 ñ 483,0.544,0.823,1.24,ND,ND,ND,ND,ND
Bin_402237,1065 ñ 355,1186 ñ 399,0.273,0.658,1.11,691 ñ 220,726 ñ 205,0.285,0.576,1.05
Bin_400671,702 ñ 280,570 ñ 315,0.03,0.293,0.81,ND,ND,ND,ND,ND
Bin_386180,941 ñ 628,1566 ñ 1140,0.003,0.072,1.66,ND,ND,ND,ND,ND
Bin_381922,1936 ñ 360,1818 ñ 474,0.06,0.391,0.94,ND,ND,ND,ND,ND
Bin_368057,269 ñ 211,865 ñ 3899,0.688,0.879,3.21,ND,ND,ND,ND,ND
Bin_367991,153 ñ 69,305 ñ 175,0,0.002,2,188 ñ 186,246 ñ 98,0.001,0.014,1.31
Bin_365844,ND,ND,ND,ND,ND,560 ñ 119,559 ñ 118,0.852,0.949,1
Bin_362005,ND,ND,ND,ND,ND,358 ñ 167,370 ñ 269,0.816,0.937,1.03
Bin_359447,ND,ND,ND,ND,ND,161 ñ 45,149 ñ 45,0.157,0.405,0.92
Bin_356992,ND,ND,ND,ND,ND,1145 ñ 812,721 ñ 495,0.005,0.042,0.63
Bin_356985,505 ñ 247,432 ñ 184,0.287,0.672,0.86,ND,ND,ND,ND,ND
Bin_356957,162 ñ 96,164 ñ 94,0.992,0.996,1.01,ND,ND,ND,ND,ND
Bin_356938,151 ñ 50,150 ñ 39,0.704,0.888,1,ND,ND,ND,ND,ND
Bin_353747,286 ñ 134,300 ñ 151,0.823,0.926,1.05,255 ñ 173,173 ñ 59,0.008,0.067,0.68
Bin_353384,ND,ND,ND,ND,ND,112 ñ 48,120 ñ 61,0.798,0.926,1.07
Bin_352756,ND,ND,ND,ND,ND,143 ñ 56,119 ñ 56,0.016,0.101,0.83
Bin_348903,205 ñ 138,191 ñ 165,0.445,0.773,0.93,151 ñ 89,134 ñ 120,0.127,0.356,0.89
Bin_340264,209 ñ 73,200 ñ 70,0.661,0.878,0.96,ND,ND,ND,ND,ND
Bin_340252,283 ñ 157,378 ñ 173,0.026,0.263,1.34,ND,ND,ND,ND,ND
Bin_339455,492 ñ 187,581 ñ 298,0.122,0.516,1.18,ND,ND,ND,ND,ND
Bin_339431,180 ñ 92,232 ñ 106,0.038,0.341,1.29,ND,ND,ND,ND,ND
Bin_339428,272 ñ 184,324 ñ 173,0.197,0.573,1.19,ND,ND,ND,ND,ND
Bin_337474,ND,ND,ND,ND,ND,115 ñ 58,217 ñ 189,0,0.008,1.89
Bin_337286,305 ñ 198,376 ñ 208,0.3,0.688,1.24,ND,ND,ND,ND,ND
Bin_337157,389 ñ 541,665 ñ 1093,0.205,0.584,1.71,ND,ND,ND,ND,ND
Bin_326500,ND,ND,ND,ND,ND,222 ñ 118,173 ñ 79,0.018,0.108,0.78
Bin_322652,546 ñ 279,523 ñ 308,0.431,0.768,0.96,311 ñ 111,351 ñ 122,0.152,0.4,1.13
Bin_321692,604 ñ 240,609 ñ 206,0.904,0.97,1.01,298 ñ 59,307 ñ 57,0.489,0.726,1.03
Bin_319168,3642 ñ 2533,3867 ñ 2282,0.753,0.904,1.06,ND,ND,ND,ND,ND
Bin_316966,ND,ND,ND,ND,ND,310 ñ 85,328 ñ 78,0.389,0.656,1.06
Bin_314770,706 ñ 320,692 ñ 391,0.673,0.878,0.98,ND,ND,ND,ND,ND
Bin_312142,ND,ND,ND,ND,ND,368 ñ 134,237 ñ 126,0,0.004,0.65
Bin_310667,1553 ñ 674,1484 ñ 678,0.297,0.683,0.96,ND,ND,ND,ND,ND
Bin_310078,ND,ND,ND,ND,ND,39 ñ 18,44 ñ 27,0.184,0.441,1.12
Bin_310010,ND,ND,ND,ND,ND,704 ñ 687,447 ñ 326,0.026,0.134,0.64
Bin_310006,ND,ND,ND,ND,ND,121 ñ 50,107 ñ 39,0.103,0.315,0.88
Bin_309730,592 ñ 593,703 ñ 730,0.894,0.97,1.19,879 ñ 358,776 ñ 417,0.169,0.421,0.88
Bin_309642,1109 ñ 870,1179 ñ 798,0.524,0.806,1.06,1253 ñ 444,1045 ñ 514,0.041,0.17,0.83
Bin_309540,391 ñ 132,434 ñ 174,0.618,0.858,1.11,ND,ND,ND,ND,ND
Bin_307966,ND,ND,ND,ND,ND,738 ñ 385,638 ñ 215,0.204,0.473,0.86
Bin_307909,374 ñ 226,520 ñ 792,0.884,0.969,1.39,ND,ND,ND,ND,ND
Bin_307889,293 ñ 106,292 ñ 172,0.412,0.768,1,ND,ND,ND,ND,ND
Bin_305055,8212 ñ 6801,8435 ñ 6171,0.865,0.957,1.03,ND,ND,ND,ND,ND
Bin_304346,917 ñ 563,982 ñ 546,0.608,0.858,1.07,17508 ñ 7768,20182 ñ 8889,0.138,0.368,1.15
Bin_303905,194 ñ 155,175 ñ 268,0.132,0.516,0.9,89 ñ 33,112 ñ 145,0.788,0.92,1.26
Bin_302365,912 ñ 1980,1158 ñ 2746,0.43,0.768,1.27,414 ñ 219,975 ñ 4130,0.407,0.664,2.35
Bin_301584,610 ñ 378,585 ñ 418,0.467,0.774,0.96,ND,ND,ND,ND,ND
Bin_301536,8207 ñ 4725,12677 ñ 10185,0.057,0.389,1.55,ND,ND,ND,ND,ND
Bin_301399,ND,ND,ND,ND,ND,96 ñ 30,106 ñ 33,0.2,0.467,1.1
Bin_301325,124 ñ 85,98 ñ 61,0.21,0.585,0.79,1606 ñ 762,1085 ñ 785,0.005,0.042,0.68
Bin_300920,ND,ND,ND,ND,ND,1046 ñ 143,1039 ñ 125,0.842,0.945,0.99
Bin_300153,350 ñ 179,340 ñ 156,0.853,0.949,0.97,322 ñ 94,301 ñ 94,0.304,0.582,0.94
Bin_300148,146 ñ 61,119 ñ 46,0.034,0.324,0.81,99 ñ 33,96 ñ 36,0.596,0.806,0.97
Bin_300129,ND,ND,ND,ND,ND,606 ñ 302,547 ñ 222,0.267,0.56,0.9
Bin_299216,165 ñ 66,257 ñ 129,0,0.011,1.56,ND,ND,ND,ND,ND
Bin_299211,391 ñ 217,368 ñ 211,0.456,0.774,0.94,170 ñ 100,238 ñ 107,0.002,0.034,1.39
Bin_299199,ND,ND,ND,ND,ND,152 ñ 44,149 ñ 57,0.447,0.692,0.98
Bin_299159,642 ñ 549,911 ñ 713,0.111,0.51,1.42,260 ñ 95,278 ñ 129,0.509,0.74,1.07
Bin_299146,399 ñ 235,588 ñ 444,0.043,0.35,1.47,ND,ND,ND,ND,ND
Bin_299130,181 ñ 86,221 ñ 102,0.12,0.516,1.22,123 ñ 44,133 ñ 62,0.543,0.768,1.09
Bin_299129,201 ñ 167,216 ñ 184,0.551,0.827,1.07,142 ñ 54,147 ñ 58,0.703,0.867,1.03
Bin_299091,ND,ND,ND,ND,ND,418 ñ 469,314 ñ 148,0.193,0.455,0.75
Bin_295269,1293 ñ 966,1294 ñ 769,0.753,0.904,1,ND,ND,ND,ND,ND
Bin_294999,ND,ND,ND,ND,ND,503 ñ 353,330 ñ 248,0.014,0.093,0.66
Bin_294998,ND,ND,ND,ND,ND,194 ñ 52,236 ñ 82,0.012,0.09,1.22
Bin_294991,117 ñ 53,119 ñ 64,0.855,0.949,1.02,ND,ND,ND,ND,ND
Bin_294988,199 ñ 105,233 ñ 110,0.19,0.563,1.17,123 ñ 36,148 ñ 50,0.01,0.077,1.2
Bin_294986,848 ñ 1544,1355 ñ 1865,0.049,0.368,1.6,597 ñ 242,537 ñ 189,0.415,0.669,0.9
Bin_293729,238 ñ 63,203 ñ 66,0.002,0.072,0.85,ND,ND,ND,ND,ND
Bin_293007,ND,ND,ND,ND,ND,76 ñ 30,73 ñ 32,0.552,0.772,0.95
Bin_289052,368 ñ 410,286 ñ 166,0.464,0.774,0.78,218 ñ 213,173 ñ 119,0.446,0.692,0.8
Bin_288822,519 ñ 191,576 ñ 237,0.565,0.834,1.11,ND,ND,ND,ND,ND
Bin_285341,ND,ND,ND,ND,ND,1651 ñ 437,1893 ñ 740,0.224,0.497,1.15
Bin_285340,3076 ñ 1965,2615 ñ 1097,0.35,0.734,0.85,2826 ñ 1359,2713 ñ 1554,0.517,0.747,0.96
Bin_285325,ND,ND,ND,ND,ND,5147 ñ 825,5258 ñ 570,0.306,0.582,1.02
Bin_281951,367 ñ 119,360 ñ 156,0.274,0.658,0.98,ND,ND,ND,ND,ND
Bin_281907,ND,ND,ND,ND,ND,128 ñ 71,98 ñ 66,0.014,0.093,0.77
Bin_281874,ND,ND,ND,ND,ND,188 ñ 63,172 ñ 78,0.158,0.405,0.91
Bin_281866,329 ñ 191,281 ñ 150,0.386,0.751,0.85,ND,ND,ND,ND,ND
Bin_281268,ND,ND,ND,ND,ND,207 ñ 63,181 ñ 53,0.049,0.191,0.87
Bin_281172,525 ñ 296,620 ñ 286,0.296,0.683,1.18,ND,ND,ND,ND,ND
Bin_281145,ND,ND,ND,ND,ND,5710 ñ 1196,6101 ñ 875,0.137,0.367,1.07
Bin_281134,ND,ND,ND,ND,ND,136 ñ 80,217 ñ 142,0.032,0.144,1.59
Bin_281131,ND,ND,ND,ND,ND,78 ñ 37,61 ñ 26,0.014,0.093,0.78
Bin_281120,ND,ND,ND,ND,ND,602 ñ 93,608 ñ 90,0.746,0.894,1.01
Bin_281118,ND,ND,ND,ND,ND,221 ñ 81,228 ñ 58,0.388,0.656,1.04
Bin_281112,819 ñ 479,697 ñ 535,0.048,0.367,0.85,736 ñ 242,670 ñ 200,0.392,0.659,0.91
Bin_281111,ND,ND,ND,ND,ND,204 ñ 52,226 ñ 51,0.108,0.322,1.1
Bin_281108,1287 ñ 1010,781 ñ 649,0.054,0.387,0.61,2057 ñ 1132,1601 ñ 795,0.503,0.74,0.78
Bin_279691,2897 ñ 1360,2510 ñ 1646,0.14,0.527,0.87,ND,ND,ND,ND,ND
Bin_273952,284 ñ 116,275 ñ 158,0.373,0.737,0.97,ND,ND,ND,ND,ND
Bin_273925,ND,ND,ND,ND,ND,10984 ñ 3055,10775 ñ 2172,0.788,0.92,0.98
Bin_271416,324 ñ 107,293 ñ 107,0.251,0.627,0.9,181 ñ 53,180 ñ 56,0.905,0.961,0.99
Bin_271050,3106 ñ 2569,3544 ñ 2398,0.637,0.872,1.14,ND,ND,ND,ND,ND
Bin_270999,ND,ND,ND,ND,ND,163 ñ 42,163 ñ 40,0.952,0.974,1
Bin_270409,1608 ñ 709,1515 ñ 725,0.246,0.623,0.94,ND,ND,ND,ND,ND
Bin_270003,474 ñ 465,410 ñ 304,0.429,0.768,0.87,255 ñ 148,197 ñ 68,0.001,0.02,0.77
Bin_269625,322 ñ 174,378 ñ 178,0.192,0.563,1.17,154 ñ 66,158 ñ 86,0.943,0.974,1.02
Bin_268506,258 ñ 120,233 ñ 113,0.162,0.534,0.9,120 ñ 60,144 ñ 54,0.018,0.108,1.2
Bin_268469,ND,ND,ND,ND,ND,64 ñ 23,67 ñ 20,0.32,0.598,1.06
Bin_268445,843 ñ 245,805 ñ 320,0.095,0.486,0.95,ND,ND,ND,ND,ND
Bin_268365,946 ñ 1824,698 ñ 1352,0.713,0.895,0.74,ND,ND,ND,ND,ND
Bin_268313,ND,ND,ND,ND,ND,3003 ñ 288,2982 ñ 253,0.827,0.938,0.99
Bin_268306,450 ñ 256,441 ñ 228,0.945,0.985,0.98,ND,ND,ND,ND,ND
Bin_268083,ND,ND,ND,ND,ND,65 ñ 18,62 ñ 15,0.612,0.813,0.95
Bin_267884,ND,ND,ND,ND,ND,566 ñ 119,482 ñ 137,0.002,0.034,0.85
Bin_267805,192 ñ 112,190 ñ 120,0.786,0.904,0.99,87 ñ 41,95 ñ 53,0.609,0.813,1.09
Bin_267714,226 ñ 173,721 ñ 3257,0.655,0.878,3.19,168 ñ 88,286 ñ 820,0.935,0.974,1.7
Bin_267647,ND,ND,ND,ND,ND,147 ñ 57,128 ñ 108,0.024,0.127,0.87
Bin_242405,515 ñ 441,648 ñ 579,0.386,0.751,1.26,240 ñ 76,255 ñ 80,0.779,0.914,1.06
Bin_241590,517 ñ 2120,733 ñ 3025,0.901,0.97,1.42,ND,ND,ND,ND,ND
Bin_241455,246 ñ 435,240 ñ 570,0.911,0.974,0.98,296 ñ 617,150 ñ 459,0.05,0.193,0.51
Bin_241310,118 ñ 48,98 ñ 45,0.086,0.472,0.83,50 ñ 15,51 ñ 18,0.979,0.988,1
Bin_241279,99 ñ 45,97 ñ 40,0.918,0.976,0.99,ND,ND,ND,ND,ND
Bin_241087,ND,ND,ND,ND,ND,91 ñ 52,91 ñ 91,0.679,0.847,1
Bin_241029,ND,ND,ND,ND,ND,38 ñ 8,35 ñ 8,0.067,0.233,0.92
Bin_239966,ND,ND,ND,ND,ND,107 ñ 36,102 ñ 29,0.557,0.772,0.95
Bin_239873,173 ñ 104,218 ñ 114,0.146,0.529,1.26,105 ñ 34,109 ñ 37,0.74,0.894,1.04
Bin_239718,1134 ñ 586,1058 ñ 691,0.165,0.534,0.93,568 ñ 220,522 ñ 118,0.35,0.633,0.92
Bin_239599,ND,ND,ND,ND,ND,214 ñ 96,203 ñ 84,0.638,0.831,0.95
Bin_239332,ND,ND,ND,ND,ND,112 ñ 60,111 ñ 50,0.894,0.961,1
Bin_238320,ND,ND,ND,ND,ND,533 ñ 112,550 ñ 90,0.42,0.669,1.03
Bin_238267,71 ñ 43,88 ñ 46,0.03,0.293,1.24,ND,ND,ND,ND,ND
Bin_236739,ND,ND,ND,ND,ND,4987 ñ 1698,5407 ñ 1218,0.16,0.406,1.08
Bin_235972,207 ñ 78,198 ñ 82,0.324,0.713,0.95,ND,ND,ND,ND,ND
Bin_235373,253 ñ 172,374 ñ 237,0.011,0.163,1.48,280 ñ 104,303 ñ 142,0.584,0.798,1.08
Bin_235327,ND,ND,ND,ND,ND,2148 ñ 1178,1912 ñ 928,0.871,0.951,0.89
Bin_234580,ND,ND,ND,ND,ND,79 ñ 46,87 ñ 37,0.104,0.316,1.11
Bin_233824,ND,ND,ND,ND,ND,108 ñ 42,81 ñ 37,0,0.012,0.75
Bin_233466,3891 ñ 1901,4124 ñ 1756,0.771,0.904,1.06,ND,ND,ND,ND,ND
Bin_233160,241 ñ 144,203 ñ 96,0.501,0.788,0.84,ND,ND,ND,ND,ND
Bin_231947,365 ñ 109,408 ñ 170,0.72,0.899,1.12,316 ñ 47,322 ñ 65,0.66,0.847,1.02
Bin_231850,157 ñ 86,175 ñ 130,0.796,0.91,1.11,113 ñ 80,119 ñ 76,0.807,0.931,1.05
Bin_231657,499 ñ 187,485 ñ 185,0.773,0.904,0.97,360 ñ 93,327 ñ 105,0.183,0.441,0.91
Bin_229277,118 ñ 42,119 ñ 40,0.892,0.97,1.01,ND,ND,ND,ND,ND
Bin_229268,265 ñ 145,313 ñ 133,0.072,0.421,1.18,179 ñ 92,267 ñ 168,0.003,0.035,1.49
Bin_229203,360 ñ 266,409 ñ 305,0.681,0.878,1.14,ND,ND,ND,ND,ND
Bin_229153,ND,ND,ND,ND,ND,3734 ñ 655,3667 ñ 651,0.739,0.894,0.98
Bin_229113,4046 ñ 1746,4122 ñ 1799,0.727,0.899,1.02,1991 ñ 527,2240 ñ 703,0.06,0.217,1.13
Bin_228885,917 ñ 361,799 ñ 324,0.058,0.389,0.87,858 ñ 144,926 ñ 170,0.078,0.258,1.08
Bin_228671,57 ñ 25,69 ñ 33,0.065,0.395,1.22,ND,ND,ND,ND,ND
Bin_228612,ND,ND,ND,ND,ND,167 ñ 47,146 ñ 43,0.024,0.127,0.87
Bin_228605,351 ñ 229,450 ñ 406,0.593,0.851,1.28,ND,ND,ND,ND,ND
Bin_228583,310 ñ 171,268 ñ 124,0.223,0.589,0.87,166 ñ 69,223 ñ 74,0.001,0.017,1.34
Bin_228528,137 ñ 140,87 ñ 49,0.004,0.093,0.63,ND,ND,ND,ND,ND
Bin_228377,534 ñ 371,399 ñ 320,0.02,0.222,0.75,1240 ñ 978,758 ñ 791,0.004,0.038,0.61
Bin_228147,113 ñ 49,97 ñ 43,0.171,0.545,0.86,51 ñ 24,50 ñ 25,0.695,0.859,0.99
Bin_228144,145 ñ 105,134 ñ 91,1,1,0.92,171 ñ 60,153 ñ 42,0.2,0.467,0.89
Bin_228018,ND,ND,ND,ND,ND,102 ñ 26,99 ñ 24,0.597,0.806,0.97
Bin_227761,ND,ND,ND,ND,ND,286 ñ 80,246 ñ 70,0.035,0.15,0.86
Bin_227677,155 ñ 68,127 ñ 55,0.124,0.516,0.82,86 ñ 22,82 ñ 26,0.471,0.704,0.96
Bin_227616,126 ñ 60,122 ñ 54,0.952,0.985,0.97,ND,ND,ND,ND,ND
Bin_227597,146 ñ 79,126 ñ 72,0.278,0.661,0.86,ND,ND,ND,ND,ND
Bin_227387,475 ñ 273,748 ñ 686,0.065,0.395,1.58,53 ñ 25,145 ñ 233,0,0.001,2.73
Bin_227367,126 ñ 81,105 ñ 46,0.34,0.727,0.84,ND,ND,ND,ND,ND
Bin_227363,116 ñ 70,162 ñ 452,0.784,0.904,1.39,ND,ND,ND,ND,ND
Bin_227352,713 ñ 365,650 ñ 342,0.505,0.789,0.91,165 ñ 37,166 ñ 44,0.774,0.911,1.01
Bin_227017,857 ñ 410,889 ñ 817,0.669,0.878,1.04,ND,ND,ND,ND,ND
Bin_226927,255 ñ 120,207 ñ 91,0.064,0.395,0.81,119 ñ 38,124 ñ 31,0.57,0.787,1.04
Bin_226923,495 ñ 293,784 ñ 434,0.013,0.168,1.59,148 ñ 113,236 ñ 192,0.004,0.038,1.59
Bin_226922,783 ñ 614,880 ñ 547,0.419,0.768,1.13,505 ñ 267,622 ñ 373,0.402,0.663,1.23
Bin_226910,332 ñ 163,469 ñ 228,0.01,0.162,1.41,237 ñ 80,328 ñ 177,0.002,0.033,1.38
Bin_226908,371 ñ 252,278 ñ 191,0.055,0.387,0.75,211 ñ 59,186 ñ 63,0.035,0.15,0.88
Bin_226906,ND,ND,ND,ND,ND,361 ñ 195,276 ñ 137,0.028,0.137,0.77
Bin_226903,463 ñ 284,367 ñ 218,0.134,0.516,0.79,201 ñ 59,208 ñ 52,0.405,0.663,1.04
Bin_226876,2300 ñ 1444,2278 ñ 1033,0.402,0.757,0.99,1017 ñ 601,1000 ñ 633,0.912,0.961,0.98
Bin_226864,257 ñ 101,278 ñ 104,0.799,0.911,1.08,ND,ND,ND,ND,ND
Bin_226860,445 ñ 257,650 ñ 749,0.107,0.506,1.46,ND,ND,ND,ND,ND
Bin_226852,ND,ND,ND,ND,ND,158 ñ 80,113 ñ 89,0.001,0.023,0.72
Bin_226848,1867 ñ 934,2172 ñ 900,0.123,0.516,1.16,1105 ñ 329,1302 ñ 770,0.281,0.576,1.18
Bin_226846,215 ñ 132,257 ñ 132,0.087,0.472,1.2,125 ñ 52,144 ñ 58,0.112,0.331,1.15
Bin_226845,ND,ND,ND,ND,ND,228 ñ 83,207 ñ 54,0.295,0.582,0.91
Bin_226844,420 ñ 179,461 ñ 180,0.284,0.672,1.1,341 ñ 121,400 ñ 165,0.155,0.405,1.17
Bin_226843,497 ñ 497,447 ñ 380,0.529,0.81,0.9,ND,ND,ND,ND,ND
Bin_226842,5182 ñ 3089,7513 ñ 4002,0.026,0.263,1.45,3386 ñ 1699,3765 ñ 1779,0.21,0.478,1.11
Bin_226841,3185 ñ 2187,2196 ñ 1751,0.001,0.044,0.69,3981 ñ 1475,2749 ñ 1551,0.004,0.04,0.69
Bin_226272,ND,ND,ND,ND,ND,69 ñ 23,66 ñ 24,0.644,0.837,0.95
Bin_225837,109 ñ 139,195 ñ 836,0.572,0.843,1.79,ND,ND,ND,ND,ND
Bin_225555,799 ñ 1104,723 ñ 1025,0.957,0.985,0.91,435 ñ 631,551 ñ 1049,0.672,0.847,1.27
Bin_225539,105 ñ 44,93 ñ 47,0.231,0.603,0.89,46 ñ 16,50 ñ 18,0.536,0.764,1.08
Bin_225449,69 ñ 36,63 ñ 28,0.253,0.627,0.91,ND,ND,ND,ND,ND
Bin_225448,1218 ñ 797,1168 ñ 694,0.873,0.961,0.96,ND,ND,ND,ND,ND
Bin_225446,1030 ñ 515,951 ñ 542,0.626,0.865,0.92,525 ñ 188,554 ñ 267,0.638,0.831,1.06
Bin_225431,ND,ND,ND,ND,ND,73 ñ 23,89 ñ 54,0.16,0.406,1.23
Bin_225434,95 ñ 94,100 ñ 138,0.955,0.985,1.06,ND,ND,ND,ND,ND
Bin_225430,82 ñ 52,75 ñ 28,0.816,0.922,0.92,72 ñ 32,66 ñ 15,0.426,0.672,0.92
Bin_225427,519 ñ 389,373 ñ 290,0.092,0.483,0.72,310 ñ 168,268 ñ 139,0.33,0.615,0.87
Bin_225405,143 ñ 111,171 ñ 118,0.142,0.527,1.2,131 ñ 68,110 ñ 48,0.08,0.259,0.84
Bin_225400,71 ñ 67,85 ñ 130,0.579,0.846,1.2,46 ñ 29,37 ñ 8,0.123,0.356,0.8
Bin_225397,130 ñ 272,111 ñ 166,0.477,0.775,0.85,56 ñ 14,57 ñ 12,0.527,0.758,1.02
Bin_225396,402 ñ 464,287 ñ 201,0.562,0.834,0.71,259 ñ 164,221 ñ 151,0.083,0.265,0.85
Bin_225393,97 ñ 69,119 ñ 272,0.824,0.926,1.23,37 ñ 9,36 ñ 11,0.382,0.652,0.96
Bin_225391,82 ñ 55,72 ñ 42,0.434,0.769,0.87,ND,ND,ND,ND,ND
Bin_225386,ND,ND,ND,ND,ND,55 ñ 37,57 ñ 46,0.948,0.974,1.04
Bin_224859,ND,ND,ND,ND,ND,105 ñ 32,102 ñ 25,0.743,0.894,0.97
Bin_223973,ND,ND,ND,ND,ND,518 ñ 170,498 ñ 206,0.458,0.695,0.96
Bin_223871,566 ñ 856,564 ñ 814,0.959,0.985,1,276 ñ 62,292 ñ 113,0.96,0.977,1.06
Bin_223836,ND,ND,ND,ND,ND,1484 ñ 352,1304 ñ 479,0.04,0.167,0.88
Bin_223675,2387 ñ 1896,2737 ñ 3516,0.744,0.904,1.15,2073 ñ 1884,2260 ñ 1386,0.127,0.356,1.09
Bin_223629,99 ñ 42,108 ñ 59,0.488,0.781,1.09,66 ñ 24,61 ñ 19,0.433,0.679,0.93
Bin_223625,108 ñ 38,140 ñ 241,0.967,0.985,1.3,80 ñ 38,80 ñ 66,0.555,0.772,1
Bin_223618,956 ñ 676,719 ñ 768,0.044,0.35,0.75,777 ñ 459,601 ñ 702,0.027,0.136,0.77
Bin_223597,169 ñ 100,179 ñ 113,0.689,0.879,1.06,206 ñ 70,219 ñ 54,0.228,0.503,1.06
Bin_223566,1111 ñ 712,1119 ñ 658,0.363,0.735,1.01,546 ñ 278,476 ñ 270,0.121,0.355,0.87
Bin_223548,254 ñ 127,219 ñ 113,0.166,0.534,0.86,150 ñ 68,144 ñ 75,0.54,0.766,0.96
Bin_223521,334 ñ 217,357 ñ 233,0.661,0.878,1.07,454 ñ 163,458 ñ 192,0.686,0.853,1.01
Bin_223519,257 ñ 150,238 ñ 174,0.448,0.773,0.92,ND,ND,ND,ND,ND
Bin_223509,73 ñ 32,77 ñ 28,0.461,0.774,1.06,ND,ND,ND,ND,ND
Bin_223506,291 ñ 122,276 ñ 185,0.153,0.529,0.95,281 ñ 70,252 ñ 69,0.088,0.28,0.9
Bin_223505,153 ñ 61,139 ñ 66,0.273,0.658,0.91,84 ñ 30,82 ñ 37,0.615,0.815,0.98
Bin_223492,366 ñ 124,343 ñ 150,0.213,0.585,0.94,ND,ND,ND,ND,ND
Bin_222169,1179 ñ 794,1483 ñ 1172,0.268,0.653,1.26,1118 ñ 945,1481 ñ 1130,0.171,0.422,1.33
Bin_222050,133 ñ 106,136 ñ 69,0.428,0.768,1.03,ND,ND,ND,ND,ND
Bin_222049,ND,ND,ND,ND,ND,756 ñ 1219,689 ñ 1014,0.905,0.961,0.91
Bin_221574,3896 ñ 2169,3417 ñ 1969,0.179,0.557,0.88,ND,ND,ND,ND,ND
Bin_221505,234 ñ 203,514 ñ 566,0.008,0.139,2.2,ND,ND,ND,ND,ND
Bin_220010,531 ñ 253,547 ñ 241,0.416,0.768,1.03,604 ñ 237,621 ñ 245,0.91,0.961,1.03
Bin_219174,571 ñ 1124,589 ñ 1132,0.45,0.773,1.03,289 ñ 495,334 ñ 597,0.911,0.961,1.16
Bin_218951,ND,ND,ND,ND,ND,156 ñ 49,142 ñ 52,0.127,0.356,0.91
Bin_218767,ND,ND,ND,ND,ND,314 ñ 72,321 ñ 109,0.996,0.997,1.02
Bin_218597,ND,ND,ND,ND,ND,605 ñ 168,599 ñ 194,0.82,0.937,0.99
Bin_218574,ND,ND,ND,ND,ND,156 ñ 45,167 ñ 42,0.158,0.405,1.07
Bin_217870,251 ñ 88,227 ñ 100,0.124,0.516,0.91,ND,ND,ND,ND,ND
Bin_216860,ND,ND,ND,ND,ND,420 ñ 238,280 ñ 131,0,0.004,0.67
Bin_216428,330 ñ 179,357 ñ 238,0.595,0.851,1.08,159 ñ 54,152 ñ 66,0.347,0.633,0.96
Bin_216043,1081 ñ 350,1395 ñ 586,0.008,0.132,1.29,2253 ñ 709,2586 ñ 831,0.076,0.256,1.15
Bin_215739,312 ñ 411,249 ñ 304,0.615,0.858,0.8,ND,ND,ND,ND,ND
Bin_215463,ND,ND,ND,ND,ND,5388 ñ 1171,5433 ñ 754,0.588,0.801,1.01
Bin_214685,633 ñ 290,588 ñ 221,0.946,0.985,0.93,ND,ND,ND,ND,ND
Bin_214537,376 ñ 125,426 ñ 160,0.586,0.849,1.13,ND,ND,ND,ND,ND
Bin_214535,380 ñ 243,353 ñ 620,0.063,0.395,0.93,690 ñ 369,470 ñ 281,0.004,0.042,0.68
Bin_214533,ND,ND,ND,ND,ND,463 ñ 237,273 ñ 152,0,0.008,0.59
Bin_214430,ND,ND,ND,ND,ND,1249 ñ 843,757 ñ 544,0.002,0.034,0.61
Bin_214421,603 ñ 153,595 ñ 201,0.784,0.904,0.99,ND,ND,ND,ND,ND
Bin_213989,ND,ND,ND,ND,ND,933 ñ 213,836 ñ 195,0.016,0.101,0.9
Bin_213972,5482 ñ 3776,6156 ñ 3953,0.708,0.891,1.12,8151 ñ 7456,12628 ñ 9282,0.04,0.167,1.55
Bin_213961,294 ñ 139,389 ñ 238,0.122,0.516,1.32,1086 ñ 621,958 ñ 600,0.13,0.357,0.88
Bin_213960,304 ñ 265,260 ñ 115,0.594,0.851,0.86,ND,ND,ND,ND,ND
Bin_213697,297 ñ 305,276 ñ 120,0.552,0.827,0.93,163 ñ 112,141 ñ 68,0.361,0.633,0.87
Bin_213353,ND,ND,ND,ND,ND,156 ñ 47,137 ñ 42,0.042,0.172,0.88
Bin_213304,220 ñ 97,195 ñ 105,0.2,0.578,0.88,ND,ND,ND,ND,ND
Bin_213253,14057 ñ 7238,14747 ñ 8141,0.974,0.985,1.05,11136 ñ 5331,13309 ñ 5547,0.056,0.208,1.2
Bin_213193,116 ñ 44,110 ñ 38,0.802,0.912,0.95,61 ñ 18,53 ñ 13,0.029,0.137,0.87
Bin_213182,138 ñ 70,156 ñ 99,0.499,0.788,1.13,ND,ND,ND,ND,ND
Bin_213143,168 ñ 99,153 ñ 66,0.949,0.985,0.91,71 ñ 23,57 ñ 19,0.004,0.038,0.81
Bin_212866,ND,ND,ND,ND,ND,732 ñ 114,654 ñ 118,0.003,0.038,0.89
Bin_212649,2693 ñ 1345,2462 ñ 1735,0.144,0.528,0.91,1307 ñ 321,1321 ñ 276,0.737,0.894,1.01
Bin_212279,125 ñ 58,151 ñ 79,0.253,0.627,1.21,82 ñ 28,93 ñ 46,0.36,0.633,1.14
Bin_212208,1351 ñ 1029,1628 ñ 1460,0.703,0.888,1.21,ND,ND,ND,ND,ND
Bin_212022,136 ñ 81,1101 ñ 6035,0.303,0.69,8.08,168 ñ 471,230 ñ 558,0.404,0.663,1.37
Bin_211980,1197 ñ 565,1338 ñ 665,0.421,0.768,1.12,ND,ND,ND,ND,ND
Bin_211979,323 ñ 130,339 ñ 118,0.478,0.775,1.05,170 ñ 62,163 ñ 60,0.361,0.633,0.95
Bin_211972,7159 ñ 3769,7955 ñ 3830,0.756,0.904,1.11,ND,ND,ND,ND,ND
Bin_211467,301 ñ 340,346 ñ 439,0.981,0.989,1.15,ND,ND,ND,ND,ND
Bin_211382,3388 ñ 2081,3380 ñ 2243,0.901,0.97,1,ND,ND,ND,ND,ND
Bin_210921,ND,ND,ND,ND,ND,19641 ñ 3273,19281 ñ 2520,0.888,0.958,0.98
Bin_210904,383 ñ 177,398 ñ 169,0.659,0.878,1.04,ND,ND,ND,ND,ND
Bin_210286,1604 ñ 878,1276 ñ 937,0.04,0.341,0.8,ND,ND,ND,ND,ND
Bin_208664,189 ñ 77,160 ñ 63,0.213,0.585,0.85,ND,ND,ND,ND,ND
Bin_208557,514 ñ 276,434 ñ 275,0.192,0.563,0.85,525 ñ 365,524 ñ 291,0.823,0.937,1
Bin_208538,1034 ñ 493,1066 ñ 446,0.431,0.768,1.03,ND,ND,ND,ND,ND
Bin_207223,586 ñ 125,514 ñ 202,0.012,0.168,0.88,ND,ND,ND,ND,ND
Bin_206556,ND,ND,ND,ND,ND,304 ñ 69,291 ñ 86,0.185,0.442,0.96
Bin_205849,456 ñ 433,344 ñ 413,0.18,0.557,0.76,ND,ND,ND,ND,ND
Bin_205700,659 ñ 940,343 ñ 297,0.011,0.163,0.52,ND,ND,ND,ND,ND
Bin_205670,168 ñ 120,142 ñ 95,0.106,0.506,0.84,ND,ND,ND,ND,ND
Bin_204448,1620 ñ 663,1315 ñ 596,0.039,0.341,0.81,ND,ND,ND,ND,ND
Bin_204426,1522 ñ 1845,1050 ñ 951,0.278,0.661,0.69,ND,ND,ND,ND,ND
Bin_204425,252 ñ 116,244 ñ 111,0.507,0.791,0.97,189 ñ 64,187 ñ 54,0.866,0.951,0.99
Bin_204344,14825 ñ 10072,12970 ñ 8246,0.584,0.847,0.88,ND,ND,ND,ND,ND
Bin_204157,420 ñ 187,384 ñ 267,0.088,0.472,0.92,ND,ND,ND,ND,ND
Bin_203761,393 ñ 280,395 ñ 254,0.501,0.788,1.01,ND,ND,ND,ND,ND
Bin_203592,1120 ñ 500,996 ñ 402,0.156,0.529,0.89,745 ñ 247,748 ñ 247,0.927,0.971,1
Bin_202664,3932 ñ 2505,3169 ñ 1859,0.101,0.501,0.81,ND,ND,ND,ND,ND
Bin_201887,279 ñ 134,264 ñ 100,0.964,0.985,0.95,213 ñ 90,219 ñ 85,0.678,0.847,1.03
Bin_201862,422 ñ 288,333 ñ 302,0.082,0.472,0.79,452 ñ 319,442 ñ 395,0.277,0.573,0.98
Bin_201042,1145 ñ 2882,872 ñ 1704,0.369,0.735,0.76,840 ñ 324,844 ñ 324,0.992,0.997,1.01
Bin_200914,159 ñ 60,170 ñ 139,0.962,0.985,1.07,78 ñ 20,82 ñ 21,0.32,0.598,1.05
Bin_200906,268 ñ 104,238 ñ 113,0.151,0.529,0.89,ND,ND,ND,ND,ND
Bin_200905,480 ñ 175,538 ñ 259,0.35,0.734,1.12,150 ñ 37,173 ñ 75,0.137,0.367,1.16
Bin_200850,1696 ñ 639,1458 ñ 524,0.04,0.341,0.86,967 ñ 323,973 ñ 320,0.964,0.979,1.01
Bin_200624,663 ñ 411,844 ñ 415,0.047,0.361,1.27,226 ñ 83,289 ñ 157,0.061,0.22,1.28
Bin_200571,590 ñ 649,454 ñ 268,0.204,0.584,0.77,ND,ND,ND,ND,ND
Bin_200541,161 ñ 66,164 ñ 172,0.184,0.563,1.02,101 ñ 50,97 ñ 41,0.872,0.951,0.96
Bin_200523,140 ñ 71,212 ñ 419,0.235,0.609,1.51,ND,ND,ND,ND,ND
Bin_200476,386 ñ 95,352 ñ 102,0.035,0.324,0.91,ND,ND,ND,ND,ND
Bin_200414,1127 ñ 1478,631 ñ 701,0.124,0.516,0.56,ND,ND,ND,ND,ND
Bin_199942,1010 ñ 361,1035 ñ 448,0.929,0.985,1.03,770 ñ 366,775 ñ 327,0.953,0.974,1.01
Bin_199806,5157 ñ 2592,4335 ñ 2557,0.191,0.563,0.84,ND,ND,ND,ND,ND
Bin_199786,5664 ñ 3983,7616 ñ 4597,0.025,0.263,1.35,1965 ñ 911,2805 ñ 1364,0.001,0.02,1.43
Bin_199653,466 ñ 173,684 ñ 356,0.003,0.079,1.47,ND,ND,ND,ND,ND
Bin_199615,ND,ND,ND,ND,ND,1568 ñ 789,1635 ñ 751,0.378,0.65,1.04
Bin_199613,ND,ND,ND,ND,ND,2163 ñ 796,2165 ñ 417,0.596,0.806,1
Bin_199609,2591 ñ 1909,2863 ñ 1886,0.353,0.734,1.11,ND,ND,ND,ND,ND
Bin_199596,2016 ñ 967,1929 ñ 950,0.452,0.773,0.96,1739 ñ 549,1947 ñ 665,0.189,0.449,1.12
Bin_199239,1364 ñ 998,1436 ñ 1077,0.549,0.827,1.05,ND,ND,ND,ND,ND
Bin_199203,7531 ñ 19626,5079 ñ 8887,0.336,0.724,0.67,1626 ñ 1994,1430 ñ 2022,0.414,0.669,0.88
