Metabolites,Control,Cancer,P-value,FDR*,Fold Change**,Control,,Cancer,,P-value,,FDR*,Fold Change**,
xylose£,481 ± 558,215 ± 138,0,0.032,0.45,1140 ± 729,,1035 ± 792,,0.164,,0.439,0.908,
xylitol,350 ± 287,526 ± 1092,0.683,0.854,1.5,263 ± 195,,230 ± 111,,0.544,,0.834,0.871,
xanthine,128 ± 43,169 ± 66,0.005,0.117,1.32,121 ± 39,,145 ± 47,,0.009,,0.09,1.2,
valine,93604 ± 18189,85730 ± 20658,0.056,0.31,0.92,78685 ± 25425,,84670 ± 27049,,0.229,,0.524,1.076,
uridine,109 ± 44,117 ± 56,0.733,0.879,1.08,108 ± 46,,110 ± 57,,0.729,,0.926,1.019,
uric acid,16469 ± 11660,16800 ± 9460,0.963,0.982,1.02,24912 ± 10565,,21988 ± 8539,,0.302,,0.603,0.883,
urea,162301 ± 91842,200181 ± 90481,0.337,0.652,1.23,252052 ± 81218,,227827 ± 68929,,0.369,,0.674,0.904,
tyrosine,30597 ± 7295,29959 ± 9662,0.483,0.737,0.98,29876 ± 7133,,30089 ± 7247,,0.979,,0.993,1.007,
tryptophan,33738 ± 10507,30547 ± 10083,0.269,0.6,0.91,30696 ± 10252,,30367 ± 8595,,0.883,,0.96,0.989,
trihydroxypyrazine NIST,75 ± 36,67 ± 28,0.339,0.652,0.9,ND,,ND,,ND,,ND,ND,
trans-4-hydroxyproline,977 ± 471,855 ± 498,0.02,0.208,0.87,915 ± 533,,942 ± 901,,0.961,,0.99,1.029,
tocopherol alpha,1351 ± 921,1513 ± 1113,0.885,0.959,1.12,3270 ± 1418,,2770 ± 1038,,0.03,,0.19,0.847,
threose,ND,ND,ND,ND,ND,193 ± 50,,173 ± 43,,0.08,,0.324,0.897,
threonine,21308 ± 5443,20202 ± 6052,0.388,0.672,0.95,19400 ± 7726,,20409 ± 6577,,0.298,,0.599,1.052,
threonic acid,2371 ± 1581,1994 ± 1279,0.339,0.652,0.84,4221 ± 2967,,3196 ± 2751,,0.044,,0.242,0.757,
threitol,387 ± 223,346 ± 272,0.142,0.491,0.89,316 ± 148,,321 ± 249,,0.789,,0.935,1.014,
taurine,3755 ± 1419,4608 ± 1673,0.051,0.31,1.23,4183 ± 1343,,6388 ± 2461,,0,,0.001,1.527,
tagatose,496 ± 203,453 ± 210,0.577,0.783,0.91,2336 ± 974,,1647 ± 972,,0.001,,0.016,0.705,
sucrose,190 ± 217,303 ± 862,0.775,0.898,1.6,228 ± 364,,854 ± 4667,,0.595,,0.862,3.749,
succinic acid,319 ± 102,331 ± 112,0.851,0.943,1.04,601 ± 159,,561 ± 177,,0.245,,0.543,0.934,
stigmasterol,90 ± 42,67 ± 27,0.002,0.092,0.74,ND,,ND,,ND,,ND,ND,
stearic acid,84265 ± 30211,81336 ± 27041,0.845,0.943,0.97,98052 ± 20695,,102270 ± 19645,,0.229,,0.524,1.043,
sorbitol,542 ± 303,534 ± 324,0.878,0.953,0.98,ND,,ND,,ND,,ND,ND,
shikimic acid,1562 ± 949,1810 ± 1357,0.46,0.733,1.16,1489 ± 1222,,1350 ± 644,,0.488,,0.781,0.906,
serine,20908 ± 5590,23932 ± 6312,0.045,0.307,1.15,11063 ± 4099,,15000 ± 8116,,0.028,,0.188,1.356,
salicylic acid,677 ± 1876,4114 ± 9743,0.15,0.496,6.08,13388 ± 45101,,559 ± 1208,,0.002,,0.023,0.042,
salicylaldehyde,197 ± 263,140 ± 81,0.216,0.543,0.71,ND,,ND,,ND,,ND,ND,
saccharic acid,117 ± 82,101 ± 98,0.123,0.459,0.86,118 ± 45,,284 ± 1015,,0.517,,0.81,2.41,
ribose,ND,ND,ND,ND,ND,89 ± 42,,81 ± 49,,0.212,,0.51,0.905,
ribitol,454 ± 377,389 ± 517,0.162,0.502,0.86,ND,,ND,,ND,,ND,ND,
rhamnose,1025 ± 350,1051 ± 582,0.639,0.821,1.03,1277 ± 476,,1324 ± 635,,0.934,,0.987,1.036,
quinic acid,724 ± 638,606 ± 550,0.532,0.747,0.84,887 ± 867,,2194 ± 10681,,0.421,,0.731,2.475,
pyruvic acid,2162 ± 1352,1608 ± 908,0.066,0.343,0.74,228 ± 99,,419 ± 490,,0.001,,0.016,1.835,
pyrophosphate,768 ± 438,846 ± 536,0.484,0.737,1.1,852 ± 341,,774 ± 262,,0.227,,0.524,0.908,
pseudo uridine,1099 ± 319,1268 ± 763,0.32,0.649,1.15,1477 ± 453,,1457 ± 1113,,0.176,,0.466,0.986,
proline,78639 ± 25158,72125 ± 22812,0.266,0.598,0.92,72058 ± 34188,,73197 ± 42989,,0.984,,0.993,1.016,
pipecolic acid,1076 ± 1199,999 ± 988,0.991,0.991,0.93,569 ± 902,,378 ± 472,,0.693,,0.905,0.664,
pimelic acid,ND,ND,ND,ND,ND,271 ± 304,,311 ± 220,,0.426,,0.735,1.148,
phosphoethanolamine,230 ± 82,195 ± 78,0.043,0.304,0.85,ND,,ND,,ND,,ND,ND,
phenylethylamine,476 ± 225,480 ± 212,0.916,0.969,1.01,661 ± 520,,572 ± 270,,0.581,,0.857,0.865,
phenylalanine,13147 ± 2818,15568 ± 4036,0.004,0.117,1.18,13117 ± 2649,,15844 ± 3491,,0,,0.004,1.208,
phenylacetic acid,ND,ND,ND,ND,ND,148 ± 62,,132 ± 50,,0.147,,0.408,0.892,
pelargonic acid,7793 ± 2601,7180 ± 2842,0.213,0.543,0.92,4085 ± 1024,,4021 ± 852,,0.862,,0.949,0.984,
p-cresol,1945 ± 1700,1857 ± 2263,0.161,0.502,0.96,ND,,ND,,ND,,ND,ND,
paracetamol,335 ± 729,1296 ± 3528,0.3,0.622,3.86,322 ± 721,,337 ± 684,,0.958,,0.99,1.049,
parabanic acid NIST,315 ± 143,267 ± 143,0.063,0.33,0.85,332 ± 102,,336 ± 97,,0.958,,0.99,1.011,
palmitoleic acid,1653 ± 1367,3159 ± 3435,0.011,0.175,1.91,2447 ± 2245,,2496 ± 1609,,0.2,,0.492,1.02,
palmitic acid,12349 ± 5309,13805 ± 5165,0.209,0.543,1.12,20768 ± 5476,,21042 ± 4790,,0.545,,0.834,1.013,
oxoproline,56530 ± 11065,60393 ± 13891,0.2,0.543,1.07,83104 ± 16481,,80594 ± 21724,,0.386,,0.694,0.97,
oxalic acid,21206 ± 44939,9716 ± 4264,0.001,0.091,0.46,13697 ± 7483,,10826 ± 3495,,0.124,,0.372,0.79,
ornithine,28440 ± 8545,30212 ± 8962,0.537,0.75,1.06,22436 ± 4953,,31166 ± 9882,,0,,0.002,1.389,
oleic acid,2283 ± 1541,3836 ± 2605,0.02,0.208,1.68,4224 ± 2850,,4121 ± 2227,,0.649,,0.892,0.976,
octadecanol,175 ± 62,161 ± 67,0.246,0.577,0.92,ND,,ND,,ND,,ND,ND,
N-methylalanine,8728 ± 4253,8514 ± 3093,0.941,0.98,0.98,7000 ± 3120,,7718 ± 3597,,0.263,,0.568,1.103,
nicotinic acid,138 ± 135,105 ± 51,0.202,0.543,0.76,71 ± 15,,67 ± 17,,0.294,,0.599,0.949,
naproxen,7352 ± 20502,5404 ± 16325,0.628,0.814,0.74,2610 ± 7032,,802 ± 4411,,0.054,,0.265,0.307,
N-acetylmannosamine,173 ± 69,147 ± 67,0.128,0.459,0.85,ND,,ND,,ND,,ND,ND,
N-acetylglycine NIST,167 ± 108,213 ± 197,0.289,0.621,1.27,154 ± 92,,138 ± 76,,0.296,,0.599,0.899,
N-acetylglutamate,378 ± 120,369 ± 160,0.334,0.652,0.98,347 ± 142,,350 ± 123,,0.858,,0.949,1.011,
N-acetylglucosamine,ND,ND,ND,ND,ND,2457 ± 1135,,2861 ± 2350,,0.52,,0.81,1.164,
myristic acid,1070 ± 403,1239 ± 535,0.257,0.586,1.16,1005 ± 287,,1063 ± 548,,0.872,,0.953,1.058,
myo-inositol,6813 ± 2243,7313 ± 5422,0.599,0.795,1.07,6925 ± 2280,,8501 ± 6890,,0.185,,0.47,1.228,
methylhexadecanoic acid,1776 ± 720,1691 ± 431,0.71,0.861,0.95,1742 ± 386,,1796 ± 363,,0.285,,0.591,1.031,
methionine sulfoxide,917 ± 451,825 ± 483,0.327,0.652,0.9,396 ± 128,,353 ± 96,,0.119,,0.367,0.892,
methionine,2551 ± 786,2525 ± 828,0.923,0.972,0.99,1888 ± 614,,2083 ± 1003,,0.44,,0.749,1.103,
methanolphosphate,281 ± 165,302 ± 166,0.709,0.861,1.08,507 ± 172,,471 ± 213,,0.233,,0.524,0.929,
mannitol,11795 ± 13477,8245 ± 8751,0.171,0.512,0.7,7955 ± 5567,,9313 ± 14442,,0.583,,0.857,1.171,
maltotriose,96 ± 31,132 ± 114,0.039,0.3,1.38,109 ± 39,,136 ± 54,,0.003,,0.037,1.25,
maltose,198 ± 85,375 ± 480,0.004,0.117,1.89,139 ± 73,,309 ± 262,,0,,0.001,2.218,
malonic acid,3164 ± 4678,4031 ± 9788,0.967,0.982,1.27,ND,,ND,,ND,,ND,ND,
malic acid,173 ± 104,248 ± 113,0.004,0.117,1.43,193 ± 55,,439 ± 1174,,0.001,,0.012,2.27,
maleimide,1116 ± 483,1200 ± 536,0.954,0.982,1.08,1804 ± 592,,1923 ± 540,,0.248,,0.548,1.066,
lyxose,229 ± 282,151 ± 121,0.276,0.604,0.66,ND,,ND,,ND,,ND,ND,
lysine,31303 ± 7216,29627 ± 9854,0.186,0.541,0.95,30788 ± 6037,,31100 ± 7470,,0.826,,0.935,1.01,
linolenic acid,1022 ± 828,1233 ± 1039,0.873,0.952,1.21,2266 ± 1276,,1916 ± 1349,,0.181,,0.466,0.846,
linoleic acid,828 ± 658,1257 ± 815,0.013,0.175,1.52,2011 ± 906,,1813 ± 769,,0.5,,0.788,0.902,
lignoceric acid,264 ± 179,322 ± 286,0.225,0.549,1.22,395 ± 237,,338 ± 145,,0.455,,0.764,0.855,
levoglucosan,499 ± 542,498 ± 608,0.616,0.807,1,471 ± 488,,463 ± 466,,0.952,,0.99,0.983,
levanbiose,185 ± 81,175 ± 101,0.309,0.639,0.95,ND,,ND,,ND,,ND,ND,
leucine,51041 ± 11967,51087 ± 12154,0.91,0.969,1,41933 ± 17945,,47341 ± 20146,,0.188,,0.472,1.129,
lauric acid,4000 ± 3120,4754 ± 4626,0.545,0.752,1.19,1804 ± 447,,2235 ± 1006,,0.007,,0.069,1.239,
lathosterol NIST,77 ± 29,73 ± 31,0.583,0.787,0.95,ND,,ND,,ND,,ND,ND,
lactic acid,81896 ± 35638,100812 ± 51390,0.244,0.574,1.23,102355 ± 52346,,160750 ± 77087,,0,,0.001,1.571,
lactamide,299 ± 135,317 ± 154,0.945,0.98,1.06,182 ± 72,,249 ± 109,,0,,0.009,1.369,
kynurenine,218 ± 73,517 ± 998,0.211,0.543,2.37,183 ± 130,,169 ± 66,,0.574,,0.853,0.926,
isothreonic acid,592 ± 162,640 ± 716,0.514,0.744,1.08,1377 ± 645,,1109 ± 717,,0.006,,0.067,0.805,
isolinoleic acid NIST,122 ± 32,142 ± 60,0.191,0.541,1.16,ND,,ND,,ND,,ND,ND,
isoleucine,29872 ± 8161,30167 ± 10618,0.893,0.96,1.01,26615 ± 7308,,30237 ± 9699,,0.036,,0.218,1.136,
isocitric acid,264 ± 83,224 ± 125,0.005,0.117,0.85,273 ± 93,,270 ± 97,,0.789,,0.935,0.989,
inulobiose,272 ± 164,382 ± 663,0.988,0.991,1.41,257 ± 154,,326 ± 449,,0.861,,0.949,1.265,
inosine 5-monophosphate,65 ± 19,65 ± 26,0.805,0.92,1,ND,,ND,,ND,,ND,ND,
inosine,317 ± 497,184 ± 229,0.08,0.386,0.58,272 ± 152,,163 ± 124,,0,,0.011,0.6,
indole-3-lactate,652 ± 186,568 ± 266,0.03,0.258,0.87,610 ± 440,,535 ± 312,,0.307,,0.608,0.877,
indole-3-acetate,937 ± 362,929 ± 669,0.171,0.512,0.99,1154 ± 924,,1042 ± 1497,,0.12,,0.368,0.903,
hypoxanthine,1180 ± 725,1698 ± 819,0.002,0.092,1.44,ND,,ND,,ND,,ND,ND,
hydroxylamine,2074 ± 898,2009 ± 744,0.951,0.982,0.97,1132 ± 399,,1120 ± 439,,0.668,,0.896,0.99,
histidine,9696 ± 3829,9588 ± 3206,0.721,0.869,0.99,5707 ± 2562,,6119 ± 3068,,0.753,,0.932,1.072,
hippuric acid,9261 ± 7425,9219 ± 7597,0.957,0.982,1,3213 ± 927,,4536 ± 2435,,0.001,,0.013,1.412,
heptadecanoic acid NIST,501 ± 372,420 ± 266,0.374,0.671,0.84,501 ± 217,,429 ± 165,,0.057,,0.265,0.856,
guanosine,79 ± 28,77 ± 33,0.458,0.731,0.97,ND,,ND,,ND,,ND,ND,
glyoxalurea NIST,327 ± 137,431 ± 250,0.347,0.656,1.32,ND,,ND,,ND,,ND,ND,
glycolic acid,516 ± 169,507 ± 187,0.587,0.789,0.98,987 ± 246,,886 ± 233,,0.099,,0.334,0.898,
glycine,97878 ± 26667,106775 ± 26814,0.168,0.511,1.09,106446 ± 35463,,107881 ± 39598,,0.932,,0.987,1.013,
glycerol-alpha-phosphate,360 ± 72,459 ± 187,0.009,0.161,1.27,8509 ± 3305,,7022 ± 3909,,0.086,,0.324,0.825,
glycerol-3-galactoside,269 ± 168,193 ± 208,0.009,0.161,0.72,416 ± 478,,360 ± 379,,0.124,,0.372,0.866,
glycerol,13860 ± 5895,17976 ± 10885,0.054,0.31,1.3,16511 ± 7616,,15690 ± 6558,,0.639,,0.892,0.95,
glyceric acid,2531 ± 1361,2148 ± 1046,0.297,0.621,0.85,3086 ± 1034,,2642 ± 900,,0.015,,0.128,0.856,
glutaric acid,106 ± 51,133 ± 102,0.18,0.534,1.25,206 ± 195,,184 ± 102,,0.404,,0.713,0.89,
glutamine,50007 ± 13515,46959 ± 14628,0.44,0.721,0.94,63501 ± 20250,,44361 ± 19158,,0,,0.001,0.699,
glutamic acid,6083 ± 1891,9148 ± 4508,0,0.037,1.5,5709 ± 2286,,11081 ± 4803,,0,,0.001,1.941,
glucuronic acid,583 ± 390,766 ± 1434,0.894,0.96,1.31,918 ± 1182,,679 ± 1044,,0.09,,0.325,0.739,
glucose,199282 ± 136738,167237 ± 121193,0.122,0.457,0.84,91479 ± 31954,,80945 ± 29796,,0.022,,0.162,0.885,
gluconic acid,209 ± 71,207 ± 150,0.151,0.496,0.99,220 ± 74,,254 ± 366,,0.766,,0.935,1.155,
gamma-tocopherol,412 ± 321,489 ± 867,0.63,0.814,1.19,463 ± 286,,556 ± 304,,0.028,,0.188,1.199,
gamma-glutamyl-valine,93 ± 28,86 ± 31,0.163,0.502,0.92,ND,,ND,,ND,,ND,ND,
galactose-6-phosphate,67 ± 25,64 ± 29,0.61,0.804,0.95,ND,,ND,,ND,,ND,ND,
galactonic acid,241 ± 143,244 ± 181,0.779,0.898,1.01,ND,ND,,ND,ND,ND,,,
fumaric acid,328 ± 126,316 ± 117,0.51,0.743,0.96,284 ± 73,,333 ± 100,,0.019,,0.15,1.172,
fucose,699 ± 500,714 ± 462,0.653,0.826,1.02,592 ± 103,,595 ± 254,,0.41,,0.72,1.004,
fructose,4248 ± 7319,1739 ± 1324,0.017,0.194,0.41,62444 ± 29947,,42643 ± 27433,,0.003,,0.042,0.683,
ethanolamine,1555 ± 1348,1708 ± 1527,0.822,0.936,1.1,1058 ± 1210,,1655 ± 2046,,0.085,,0.324,1.564,
erythrose,ND,ND,ND,ND,ND,190 ± 65,,165 ± 70,,0.059,,0.265,0.872,
erythritol,4300 ± 13917,821 ± 588,0.356,0.657,0.19,666 ± 249,,974 ± 1350,,0.833,,0.937,1.463,
dodecanol,313 ± 87,254 ± 94,0.001,0.091,0.81,ND,,ND,,ND,,ND,ND,
dihydro-3-coumaric acid,933 ± 968,840 ± 894,0.476,0.735,0.9,556 ± 205,,558 ± 257,,0.849,,0.949,1.004,
deoxythreittol NIST,1251 ± 516,1262 ± 744,0.446,0.723,1.01,ND,,ND,,ND,,ND,ND,
deoxytetronic acid NIST,1086 ± 599,1522 ± 1866,0.243,0.574,1.4,ND,,ND,,ND,,ND,ND,
cytidine-5-diphosphate,150 ± 62,192 ± 112,0.213,0.543,1.28,ND,,ND,,ND,,ND,ND,
cystine,8312 ± 2735,6358 ± 2545,0.001,0.091,0.77,10376 ± 2341,,8704 ± 2504,,0.001,,0.016,0.839,
cysteine-glycine,245 ± 90,222 ± 110,0.145,0.495,0.91,261 ± 80,,267 ± 98,,0.858,,0.949,1.021,
cysteine,1843 ± 970,1659 ± 783,0.45,0.725,0.9,1406 ± 533,,1378 ± 604,,0.663,,0.894,0.98,
cyano-L-alanine,130 ± 104,112 ± 109,0.363,0.66,0.87,ND,,ND,,ND,,ND,ND,
creatinine,9072 ± 4845,9388 ± 8914,0.51,0.743,1.04,7184 ± 1864,,7460 ± 8207,,0.113,,0.357,1.038,
conduritol beta expoxide,382 ± 309,533 ± 544,0.293,0.621,1.39,676 ± 654,,974 ± 2242,,0.706,,0.911,1.44,
citrulline,999 ± 671,892 ± 388,0.38,0.672,0.89,860 ± 278,,733 ± 340,,0.02,,0.157,0.851,
citric acid,10293 ± 2808,9722 ± 3701,0.148,0.496,0.95,10425 ± 3452,,10139 ± 3026,,0.775,,0.935,0.973,
cholesterol,45116 ± 26006,42629 ± 23502,0.961,0.982,0.95,84288 ± 15250,,74293 ± 15808,,0.006,,0.065,0.881,
cellobiotol,111 ± 47,163 ± 157,0.041,0.3,1.46,ND,,ND,,ND,,ND,ND,
caprylic acid,735 ± 244,584 ± 256,0.005,0.117,0.8,1471 ± 347,,1268 ± 395,,0.016,,0.139,0.862,
capric acid,1279 ± 443,1254 ± 535,0.272,0.604,0.98,1399 ± 301,,1459 ± 335,,0.332,,0.633,1.043,
"butane-2,3-diol  NIST ",1272 ± 3586,3118 ± 9791,0.36,0.658,2.45,ND,,ND,,ND,,ND,ND,
beta-sitosterol,117 ± 60,116 ± 71,0.942,0.98,1,ND,,ND,,ND,,ND,ND,
beta-mannosylglycerate,ND,ND,ND,ND,ND,3128 ± 1611,,2714 ± 1462,,0.098,,0.334,0.867,
beta-glycerolphosphate,ND,ND,ND,ND,ND,168 ± 56,,157 ± 77,,0.27,,0.572,0.938,
beta-alanine,340 ± 228,404 ± 327,0.49,0.738,1.19,214 ± 119,,270 ± 132,,0.014,,0.12,1.259,
benzylalcohol,1719 ± 1443,1787 ± 2001,0.509,0.743,1.04,47738 ± 5585,,46184 ± 6170,,0.234,,0.524,0.967,
benzoic acid,3145 ± 582,2934 ± 750,0.094,0.403,0.93,2335 ± 352,,2365 ± 1461,,0.488,,0.781,1.013,
behenic acid,289 ± 138,338 ± 215,0.6,0.795,1.17,178 ± 75,,175 ± 70,,0.961,,0.99,0.984,
azelaic acid,236 ± 134,604 ± 1056,0.008,0.146,2.56,616 ± 1226,,520 ± 365,,0.828,,0.935,0.843,
aspartate,2631 ± 942,4110 ± 2000,0,0.032,1.56,1524 ± 846,,4741 ± 2976,,0,,0.001,3.11,
asparagine,3627 ± 1064,3953 ± 938,0.105,0.416,1.09,4487 ± 1068,,4911 ± 1211,,0.101,,0.336,1.094,
arachidonic acid,602 ± 238,807 ± 354,0.005,0.117,1.34,8239 ± 3295,,6703 ± 3653,,0.057,,0.265,0.814,
arachidic acid,1137 ± 411,1029 ± 388,0.348,0.656,0.91,891 ± 242,,1005 ± 327,,0.079,,0.324,1.128,
arabitol,170 ± 55,169 ± 124,0.275,0.604,1,133 ± 63,,151 ± 124,,0.477,,0.77,1.137,
arabinose,242 ± 97,266 ± 109,0.248,0.579,1.1,329 ± 89,,335 ± 250,,0.185,,0.47,1.017,
aminomalonic acid,829 ± 381,951 ± 345,0.077,0.378,1.15,1516 ± 607,,1374 ± 549,,0.206,,0.5,0.907,
alpha ketoglutaric acid,212 ± 94,233 ± 184,0.758,0.898,1.1,70 ± 26,,82 ± 45,,0.228,,0.524,1.168,
allantoic acid,90 ± 43,72 ± 35,0.041,0.3,0.8,ND,,ND,,ND,,ND,ND,
alanine,161536 ± 43045,155793 ± 36291,0.769,0.898,0.96,152525 ± 48794,,157690 ± 42761,,0.492,,0.785,1.034,
adipic acid,329 ± 198,296 ± 111,0.649,0.824,0.9,815 ± 797,,644 ± 274,,0.065,,0.283,0.79,
adenosine-5-phosphate,104 ± 156,356 ± 1439,0.707,0.861,3.41,112 ± 137,,92 ± 68,,0.339,,0.64,0.818,
aconitic acid,95 ± 58,93 ± 69,0.848,0.943,0.97,163 ± 47,,144 ± 55,,0.018,,0.148,0.881,
acetophenone NIST,904 ± 448,832 ± 392,0.47,0.735,0.92,1089 ± 312,,980 ± 398,,0.083,,0.324,0.9,
6-deoxyglucitol NIST,1815 ± 986,1297 ± 531,0.013,0.175,0.71,ND,,ND,,ND,,ND,ND,
5-methoxytryptamine,370 ± 193,347 ± 245,0.25,0.58,0.94,255 ± 171,,245 ± 145,,0.814,,0.935,0.96,
5-hydroxynorvaline NIST,257 ± 138,235 ± 185,0.117,0.445,0.91,327 ± 252,,208 ± 86,,0.006,,0.067,0.637,
5-aminovaleric acid lactame,204 ± 150,268 ± 267,0.682,0.854,1.32,ND,,ND,,ND,,ND,ND,
4-hydroxyproline,3082 ± 969,3246 ± 1249,0.775,0.898,1.05,3517 ± 1388,,3633 ± 1328,,0.575,,0.853,1.033,
4-hydroxyphenylacetic acid,82 ± 26,112 ± 188,0.608,0.803,1.36,ND,,ND,,ND,,ND,ND,
3-phosphoglycerate,108 ± 137,167 ± 237,0.092,0.403,1.54,197 ± 242,,105 ± 116,,0.048,,0.255,0.532,
3-hydroxybutanoic acid,6404 ± 6606,14199 ± 25818,0.094,0.403,2.22,7082 ± 9138,,9752 ± 10721,,0.11,,0.352,1.377,
3-aminoisobutyric acid,355 ± 220,358 ± 217,0.642,0.822,1.01,670 ± 359,,1662 ± 6037,,0.467,,0.77,2.48,
2-oxogluconic acid NIST,129 ± 114,99 ± 59,0.214,0.543,0.77,ND,,ND,,ND,,ND,ND,
2-ketoisocaproic acid,3421 ± 1210,3305 ± 1151,0.647,0.824,0.97,1734 ± 741,,2058 ± 962,,0.058,,0.265,1.187,
2-hydroxyvaleric acid,943 ± 285,958 ± 607,0.33,0.652,1.02,1049 ± 498,,3860 ± 17791,,0.565,,0.852,3.678,
2-hydroxyhippuric acid,78 ± 40,311 ± 1067,0.063,0.33,4.01,127 ± 151,,79 ± 26,,0.043,,0.242,0.617,
2-hydroxyglutaric acid,447 ± 166,552 ± 292,0.156,0.496,1.23,1358 ± 820,,1104 ± 433,,0.022,,0.164,0.813,
2-hydroxybutanoic acid,14667 ± 9574,16636 ± 8787,0.295,0.621,1.13,12608 ± 6812,,16545 ± 8851,,0.006,,0.067,1.312,
2-deoxytetronic acid,175 ± 67,185 ± 89,0.987,0.991,1.06,1180 ± 452,,1291 ± 745,,0.97,,0.992,1.094,
2-deoxyerythritol,455 ± 316,615 ± 846,0.85,0.943,1.35,585 ± 547,,458 ± 209,,0.113,,0.357,0.783,
2-aminoadipic acid,98 ± 50,92 ± 52,0.755,0.898,0.94,ND,,ND,,ND,,ND,ND,
"2,3-dihydroxybutanoic acid NIST",162 ± 51,139 ± 66,0.017,0.196,0.86,120 ± 62,,128 ± 116,,0.93,,0.987,1.066,
"2,3,5-trihydroxypyrazine NIST",69 ± 25,70 ± 29,0.912,0.969,1.02,55 ± 16,,53 ± 13,,0.775,,0.935,0.971,
1-monostearin,89 ± 51,86 ± 74,0.398,0.674,0.97,142 ± 39,,122 ± 32,,0.039,,0.227,0.862,
1-monopalmitin,138 ± 55,148 ± 136,0.782,0.898,1.07,143 ± 44,,141 ± 54,,0.768,,0.935,0.983,
1-monoolein,ND,ND,ND,ND,ND,639 ± 473,,868 ± 748,,0.204,,0.498,1.36,
"1,5-anhydroglucitol",13410 ± 5674,11324 ± 4806,0.635,0.819,0.84,15142 ± 7933,,12259 ± 6475,,0.053,,0.265,0.81,
Bin_966308,ND,ND,ND,ND,ND,6893 ± 771,,6583 ± 810,,0.076,,0.319,0.96,
Bin_951230,312 ± 790,489 ± 1136,0.226,0.549,1.57,768 ± 1518,,199 ± 308,,0.056,,0.265,0.26,
Bin_951227,199 ± 392,527 ± 1247,0.21,0.543,2.65,196 ± 291,,189 ± 369,,0.14,,0.399,0.96,
Bin_950117,575 ± 237,731 ± 851,0.489,0.738,1.27,ND,,ND,,ND,,ND,ND,
Bin_949927,ND,ND,ND,ND,ND,304 ± 261,,242 ± 242,,0.144,,0.403,0.8,
Bin_944535,ND,ND,ND,ND,ND,524 ± 196,,560 ± 207,,0.555,,0.842,1.07,
Bin_944516,ND,ND,ND,ND,ND,190 ± 74,,194 ± 88,,0.806,,0.935,1.02,
Bin_944331,1064 ± 473,964 ± 481,0.32,0.649,0.91,ND,,ND,,ND,,ND,ND,
Bin_944269,617 ± 249,518 ± 250,0.086,0.403,0.84,ND,,ND,,ND,,ND,ND,
Bin_944266,2492 ± 1350,3014 ± 2133,0.991,0.991,1.21,ND,,ND,,ND,,ND,ND,
Bin_944238,777 ± 309,707 ± 310,0.392,0.672,0.91,ND,,ND,,ND,,ND,ND,
Bin_944230,ND,ND,ND,ND,ND,1578 ± 627,,1636 ± 662,,0.821,,0.935,1.04,
Bin_944224,1954 ± 702,1822 ± 759,0.353,0.657,0.93,ND,,ND,,ND,,ND,ND,
Bin_944218,557 ± 332,560 ± 395,0.556,0.76,1.01,ND,,ND,,ND,,ND,ND,
Bin_944210,307 ± 136,269 ± 132,0.121,0.457,0.88,285 ± 90,,285 ± 94,,0.918,,0.982,1,
Bin_944203,2050 ± 869,1883 ± 858,0.352,0.657,0.92,ND,,ND,,ND,,ND,ND,
Bin_944192,886 ± 289,779 ± 262,0.186,0.541,0.88,589 ± 145,,569 ± 164,,0.467,,0.77,0.97,
Bin_944109,2192 ± 1317,2130 ± 1350,0.706,0.861,0.97,ND,,ND,,ND,,ND,ND,
Bin_944087,1114 ± 432,1346 ± 1024,0.529,0.747,1.21,ND,,ND,,ND,,ND,ND,
Bin_944042,1378 ± 816,1209 ± 761,0.317,0.649,0.88,ND,,ND,,ND,,ND,ND,
Bin_944030,661 ± 308,739 ± 416,0.468,0.735,1.12,ND,,ND,,ND,,ND,ND,
Bin_944025,236 ± 97,217 ± 125,0.219,0.546,0.92,ND,,ND,,ND,,ND,ND,
Bin_943996,396 ± 204,352 ± 211,0.345,0.656,0.89,ND,,ND,,ND,,ND,ND,
Bin_943966,1138 ± 543,1045 ± 577,0.334,0.652,0.92,ND,,ND,,ND,,ND,ND,
Bin_943961,3126 ± 2602,3569 ± 5021,0.379,0.672,1.14,3954 ± 4313,,4039 ± 2822,,0.18,,0.466,1.02,
Bin_943946,1569 ± 677,1630 ± 733,0.763,0.898,1.04,446 ± 102,,504 ± 169,,0.093,,0.333,1.13,
Bin_941110,244 ± 271,301 ± 316,0.502,0.743,1.23,ND,,ND,,ND,,ND,ND,
Bin_940725,233 ± 545,480 ± 1261,0.529,0.747,2.06,ND,,ND,,ND,,ND,ND,
Bin_940481,1244 ± 396,1326 ± 401,0.359,0.657,1.07,ND,,ND,,ND,,ND,ND,
Bin_928669,296 ± 101,255 ± 91,0.052,0.31,0.86,ND,,ND,,ND,,ND,ND,
Bin_920091,2548 ± 897,3096 ± 2015,0.327,0.652,1.22,ND,,ND,,ND,,ND,ND,
Bin_916945,2527 ± 1434,2354 ± 1851,0.112,0.431,0.93,ND,,ND,,ND,,ND,ND,
Bin_913830,474 ± 1502,1590 ± 5294,0.255,0.586,3.36,ND,,ND,,ND,,ND,ND,
Bin_900081,332 ± 159,281 ± 230,0.075,0.371,0.85,ND,,ND,,ND,,ND,ND,
Bin_878431,611 ± 368,632 ± 410,0.985,0.991,1.03,412 ± 226,,410 ± 340,,0.323,,0.624,0.99,
Bin_873650,1932 ± 1351,1460 ± 1164,0.02,0.208,0.76,2134 ± 1982,,1562 ± 1396,,0.308,,0.608,0.73,
Bin_868909,ND,ND,ND,ND,ND,5952 ± 1026,,5900 ± 1254,,0.698,,0.905,0.99,
Bin_868881,696 ± 249,523 ± 259,0.002,0.092,0.75,798 ± 199,,733 ± 230,,0.129,,0.384,0.92,
Bin_860693,1165 ± 725,998 ± 530,0.182,0.538,0.86,238 ± 87,,230 ± 86,,0.477,,0.77,0.97,
Bin_829585,6856 ± 6880,7713 ± 7188,0.213,0.543,1.13,ND,,ND,,ND,,ND,ND,
Bin_827800,1035 ± 453,845 ± 435,0.059,0.316,0.82,ND,,ND,,ND,,ND,ND,
Bin_823068,362 ± 156,355 ± 164,0.428,0.706,0.98,275 ± 92,,250 ± 96,,0.193,,0.482,0.91,
Bin_815932,2808 ± 976,2420 ± 1045,0.039,0.3,0.86,3668 ± 1316,,3768 ± 1344,,0.808,,0.935,1.03,
Bin_806065,6900 ± 3520,5582 ± 3287,0.125,0.459,0.81,ND,,ND,,ND,,ND,ND,
Bin_805533,456 ± 226,493 ± 273,0.625,0.814,1.08,ND,,ND,,ND,,ND,ND,
Bin_804449,ND,ND,ND,ND,ND,2338 ± 658,,2581 ± 683,,0.109,,0.352,1.1,
Bin_789185,ND,ND,ND,ND,ND,145 ± 58,,154 ± 64,,0.469,,0.77,1.06,
Bin_781707,741 ± 333,793 ± 539,0.949,0.981,1.07,1474 ± 531,,1444 ± 516,,0.722,,0.926,0.98,
Bin_780676,295 ± 154,291 ± 175,0.475,0.735,0.99,ND,,ND,,ND,,ND,ND,
Bin_780668,9664 ± 3255,7376 ± 3193,0.012,0.175,0.76,5746 ± 1155,,5494 ± 1242,,0.394,,0.702,0.96,
Bin_779718,1352 ± 1269,1112 ± 1053,0.055,0.31,0.82,ND,,ND,,ND,,ND,ND,
Bin_777363,2564 ± 1019,2530 ± 2266,0.215,0.543,0.99,ND,,ND,,ND,,ND,ND,
Bin_776547,2471 ± 632,1976 ± 854,0.012,0.175,0.8,ND,,ND,,ND,,ND,ND,
Bin_776004,325 ± 185,292 ± 140,0.547,0.753,0.9,ND,,ND,,ND,,ND,ND,
Bin_775915,527 ± 178,1029 ± 2748,0.945,0.98,1.95,ND,,ND,,ND,,ND,ND,
Bin_775893,459 ± 230,389 ± 270,0.097,0.403,0.85,ND,,ND,,ND,,ND,ND,
Bin_775885,6023 ± 3142,5214 ± 3204,0.193,0.541,0.87,ND,,ND,,ND,,ND,ND,
Bin_771489,ND,ND,ND,ND,ND,203 ± 56,,172 ± 53,,0.01,,0.096,0.85,
Bin_770424,1307 ± 764,1165 ± 545,0.537,0.75,0.89,ND,,ND,,ND,,ND,ND,
Bin_770151,ND,ND,ND,ND,ND,1791 ± 588,,1703 ± 575,,0.474,,0.77,0.95,
Bin_727817,781 ± 222,730 ± 260,0.298,0.621,0.94,ND,,ND,,ND,,ND,ND,
Bin_724471,990 ± 313,800 ± 316,0.003,0.101,0.81,ND,,ND,,ND,,ND,ND,
Bin_716047,289 ± 94,327 ± 122,0.192,0.541,1.13,ND,,ND,,ND,,ND,ND,
Bin_715929,297 ± 128,587 ± 849,0.006,0.117,1.97,ND,,ND,,ND,,ND,ND,
Bin_705287,274 ± 257,262 ± 190,0.74,0.881,0.96,ND,,ND,,ND,,ND,ND,
Bin_703430,ND,ND,ND,ND,ND,246 ± 88,,255 ± 61,,0.231,,0.524,1.04,
Bin_703415,141 ± 57,125 ± 56,0.335,0.652,0.89,ND,,ND,,ND,,ND,ND,
Bin_701048,398 ± 691,281 ± 111,0.738,0.881,0.71,ND,,ND,,ND,,ND,ND,
Bin_693699,715 ± 234,643 ± 261,0.127,0.459,0.9,ND,,ND,,ND,,ND,ND,
Bin_693644,425 ± 311,410 ± 316,0.598,0.795,0.96,1074 ± 316,,977 ± 296,,0.087,,0.324,0.91,
Bin_693625,587 ± 1687,271 ± 229,0.224,0.549,0.46,1259 ± 526,,1230 ± 549,,0.786,,0.935,0.98,
Bin_681993,597 ± 1286,1924 ± 5791,0.482,0.737,3.22,393 ± 739,,279 ± 446,,0.239,,0.533,0.71,
Bin_653386,582 ± 242,528 ± 208,0.451,0.725,0.91,529 ± 94,,486 ± 106,,0.058,,0.265,0.92,
Bin_650096,ND,ND,ND,ND,ND,215 ± 57,,211 ± 57,,0.621,,0.876,0.99,
Bin_640528,293 ± 467,267 ± 383,0.594,0.794,0.91,ND,,ND,,ND,,ND,ND,
Bin_629905,ND,ND,ND,ND,ND,191 ± 269,,96 ± 144,,0.064,,0.283,0.5,
Bin_626960,1107 ± 617,949 ± 473,0.322,0.65,0.86,ND,,ND,,ND,,ND,ND,
Bin_626900,373 ± 323,280 ± 217,0.055,0.31,0.75,105 ± 34,,97 ± 35,,0.292,,0.599,0.92,
Bin_624867,140 ± 210,77 ± 33,0.019,0.205,0.55,61 ± 15,,56 ± 15,,0.16,,0.435,0.92,
Bin_623606,115 ± 58,134 ± 107,0.724,0.87,1.17,ND,,ND,,ND,,ND,ND,
Bin_623186,12119 ± 6225,15036 ± 11807,0.846,0.943,1.24,16366 ± 9699,,19874 ± 10139,,0.044,,0.242,1.21,
Bin_622027,ND,ND,ND,ND,ND,1378 ± 315,,1402 ± 299,,0.657,,0.892,1.02,
Bin_616805,ND,ND,ND,ND,ND,110 ± 56,,114 ± 43,,0.363,,0.666,1.04,
Bin_612625,2013 ± 1081,2041 ± 1404,0.519,0.747,1.01,ND,,ND,,ND,,ND,ND,
Bin_607692,513 ± 198,457 ± 175,0.334,0.652,0.89,851 ± 195,,845 ± 182,,0.946,,0.99,0.99,
Bin_570717,ND,ND,ND,ND,ND,5305 ± 893,,5223 ± 850,,0.812,,0.935,0.98,
Bin_565895,ND,ND,ND,ND,ND,296 ± 65,,304 ± 77,,0.803,,0.935,1.03,
Bin_561230,420 ± 396,454 ± 348,0.687,0.855,1.08,1541 ± 1275,,1421 ± 987,,0.978,,0.993,0.92,
Bin_560956,ND,ND,ND,ND,ND,8841 ± 2312,,7821 ± 2948,,0.011,,0.097,0.89,
Bin_558744,392 ± 128,300 ± 147,0.002,0.092,0.77,216 ± 62,,213 ± 112,,0.342,,0.641,0.99,
Bin_536211,386 ± 381,308 ± 315,0.297,0.621,0.8,608 ± 792,,587 ± 800,,0.589,,0.859,0.97,
Bin_508772,840 ± 761,702 ± 703,0.276,0.604,0.84,473 ± 175,,455 ± 276,,0.536,,0.829,0.96,
Bin_507925,1460 ± 355,1264 ± 382,0.015,0.187,0.87,1380 ± 542,,1230 ± 350,,0.055,,0.265,0.89,
Bin_504885,ND,ND,ND,ND,ND,350972 ± 76688,,344342 ± 77727,,0.68,,0.905,0.98,
Bin_503756,80 ± 36,69 ± 32,0.152,0.496,0.86,ND,,ND,,ND,,ND,ND,
Bin_483351,770 ± 2187,1269 ± 4316,0.358,0.657,1.65,ND,,ND,,ND,,ND,ND,
Bin_483342,2419 ± 1335,2160 ± 1250,0.447,0.723,0.89,1668 ± 1248,,2053 ± 1376,,0.093,,0.333,1.23,
Bin_477827,ND,ND,ND,ND,ND,21191 ± 4560,,21185 ± 4999,,0.894,,0.963,1,
Bin_476001,615 ± 420,613 ± 526,0.53,0.747,1,ND,,ND,,ND,,ND,ND,
Bin_474690,677 ± 350,717 ± 434,0.696,0.859,1.06,ND,,ND,,ND,,ND,ND,
Bin_474686,ND,ND,ND,ND,ND,564 ± 138,,551 ± 176,,0.463,,0.77,0.98,
Bin_470909,82 ± 35,62 ± 29,0.003,0.105,0.75,60 ± 16,,55 ± 15,,0.096,,0.334,0.91,
Bin_466268,327 ± 229,475 ± 404,0.209,0.543,1.45,ND,,ND,,ND,,ND,ND,
Bin_460930,419 ± 168,430 ± 199,0.925,0.972,1.03,717 ± 287,,774 ± 432,,0.444,,0.752,1.08,
Bin_455838,889 ± 680,965 ± 763,0.255,0.586,1.09,ND,,ND,,ND,,ND,ND,
Bin_455836,918 ± 315,814 ± 394,0.097,0.403,0.89,ND,,ND,,ND,,ND,ND,
Bin_455826,587 ± 233,500 ± 243,0.08,0.386,0.85,ND,,ND,,ND,,ND,ND,
Bin_455395,290 ± 196,319 ± 212,0.218,0.545,1.1,218 ± 119,,206 ± 146,,0.262,,0.568,0.95,
Bin_455340,698 ± 321,617 ± 410,0.054,0.31,0.88,1063 ± 609,,938 ± 590,,0.418,,0.729,0.88,
Bin_446955,770 ± 632,1205 ± 1191,0.068,0.348,1.57,829 ± 943,,582 ± 450,,0.031,,0.195,0.7,
Bin_446633,ND,ND,ND,ND,ND,3059 ± 6342,,6551 ± 12141,,0.098,,0.334,2.14,
Bin_445906,876 ± 452,743 ± 451,0.127,0.459,0.85,ND,,ND,,ND,,ND,ND,
Bin_443309,865 ± 238,878 ± 362,0.778,0.898,1.01,1499 ± 2570,,816 ± 463,,0.098,,0.334,0.54,
Bin_438109,383 ± 1398,122 ± 78,0.23,0.557,0.32,ND,,ND,,ND,,ND,ND,
Bin_438099,642 ± 174,630 ± 186,0.774,0.898,0.98,ND,,ND,,ND,,ND,ND,
Bin_438089,ND,ND,ND,ND,ND,79 ± 31,,69 ± 19,,0.07,,0.299,0.87,
Bin_438088,250 ± 75,218 ± 66,0.086,0.403,0.87,ND,,ND,,ND,,ND,ND,
Bin_438077,ND,ND,ND,ND,ND,485 ± 222,,522 ± 272,,0.553,,0.842,1.08,
Bin_438070,815 ± 490,719 ± 559,0.269,0.6,0.88,1174 ± 391,,1146 ± 391,,0.752,,0.932,0.98,
Bin_438061,16072 ± 5572,14047 ± 5401,0.11,0.429,0.87,5026 ± 1036,,4928 ± 1116,,0.649,,0.892,0.98,
Bin_438057,2095 ± 631,2119 ± 1044,0.711,0.861,1.01,ND,,ND,,ND,,ND,ND,
Bin_437823,ND,ND,ND,ND,ND,64 ± 17,,81 ± 131,,0.817,,0.935,1.26,
Bin_437821,265 ± 141,298 ± 168,0.357,0.657,1.12,220 ± 75,,230 ± 89,,0.658,,0.892,1.04,
Bin_437814,382 ± 1398,113 ± 75,0.136,0.477,0.3,ND,,ND,,ND,,ND,ND,
Bin_437810,ND,ND,ND,ND,ND,116 ± 29,,163 ± 58,,0,,0.001,1.41,
Bin_437802,338 ± 1153,113 ± 74,0.126,0.459,0.33,107 ± 32,,109 ± 38,,0.891,,0.963,1.02,
Bin_437796,ND,ND,ND,ND,ND,1375 ± 420,,1377 ± 373,,0.659,,0.892,1,
Bin_437792,14495 ± 12309,9066 ± 7111,0.026,0.253,0.63,ND,,ND,,ND,,ND,ND,
Bin_437791,401 ± 1484,122 ± 69,0.192,0.541,0.31,ND,,ND,,ND,,ND,ND,
Bin_437790,ND,ND,ND,ND,ND,125 ± 27,,113 ± 34,,0.029,,0.189,0.9,
Bin_437785,134 ± 135,136 ± 83,0.471,0.735,1.01,ND,,ND,,ND,,ND,ND,
Bin_428330,497 ± 224,414 ± 224,0.037,0.289,0.83,702 ± 291,,682 ± 253,,0.739,,0.931,0.97,
Bin_428311,1819 ± 906,1507 ± 552,0.103,0.415,0.83,ND,,ND,,ND,,ND,ND,
Bin_425495,207 ± 743,75 ± 30,0.469,0.735,0.36,ND,,ND,,ND,,ND,ND,
Bin_419655,694 ± 740,778 ± 1032,0.959,0.982,1.12,ND,,ND,,ND,,ND,ND,
Bin_419631,1769 ± 419,1614 ± 511,0.088,0.403,0.91,ND,,ND,,ND,,ND,ND,
Bin_416137,ND,ND,ND,ND,ND,309 ± 148,,284 ± 231,,0.109,,0.352,0.92,
Bin_415158,226 ± 70,209 ± 79,0.191,0.541,0.93,ND,,ND,,ND,,ND,ND,
Bin_411030,423 ± 364,892 ± 2430,0.469,0.735,2.11,ND,,ND,,ND,,ND,ND,
Bin_409349,260 ± 349,620 ± 2005,0.686,0.855,2.38,ND,,ND,,ND,,ND,ND,
Bin_408731,2279 ± 435,2062 ± 543,0.047,0.31,0.91,302 ± 120,,335 ± 112,,0.131,,0.385,1.11,
Bin_408701,259 ± 87,215 ± 94,0.018,0.196,0.83,ND,,ND,,ND,,ND,ND,
Bin_408490,283 ± 222,345 ± 366,0.385,0.672,1.22,ND,,ND,,ND,,ND,ND,
Bin_402237,1229 ± 320,1174 ± 426,0.374,0.671,0.96,798 ± 283,,966 ± 344,,0.006,,0.065,1.21,
Bin_400671,735 ± 288,642 ± 276,0.444,0.723,0.87,ND,,ND,,ND,,ND,ND,
Bin_386180,646 ± 380,629 ± 602,0.402,0.676,0.97,ND,,ND,,ND,,ND,ND,
Bin_381922,2195 ± 396,1936 ± 461,0.009,0.161,0.88,ND,,ND,,ND,,ND,ND,
Bin_368057,236 ± 140,716 ± 3150,0.891,0.96,3.04,ND,,ND,,ND,,ND,ND,
Bin_367991,293 ± 160,417 ± 242,0.233,0.561,1.42,418 ± 145,,534 ± 190,,0.001,,0.017,1.28,
Bin_365844,ND,ND,ND,ND,ND,851 ± 211,,843 ± 219,,0.818,,0.935,0.99,
Bin_362005,ND,ND,ND,ND,ND,833 ± 296,,813 ± 228,,0.96,,0.99,0.98,
Bin_359447,ND,ND,ND,ND,ND,383 ± 372,,249 ± 131,,0.059,,0.265,0.65,
Bin_356992,ND,ND,ND,ND,ND,1914 ± 1705,,952 ± 749,,0.001,,0.016,0.5,
Bin_356985,915 ± 326,896 ± 325,0.646,0.824,0.98,ND,,ND,,ND,,ND,ND,
Bin_356957,190 ± 98,190 ± 94,0.915,0.969,1,ND,,ND,,ND,,ND,ND,
Bin_356938,163 ± 54,143 ± 39,0.215,0.543,0.88,ND,,ND,,ND,,ND,ND,
Bin_353747,400 ± 209,339 ± 190,0.056,0.31,0.85,434 ± 267,,361 ± 166,,0.253,,0.556,0.83,
Bin_353384,ND,ND,ND,ND,ND,61 ± 16,,59 ± 13,,0.986,,0.994,0.97,
Bin_352756,ND,ND,ND,ND,ND,276 ± 86,,260 ± 88,,0.373,,0.679,0.94,
Bin_348903,162 ± 96,135 ± 110,0.049,0.31,0.83,239 ± 147,,205 ± 201,,0.083,,0.324,0.86,
Bin_340264,229 ± 100,180 ± 90,0.029,0.257,0.78,ND,,ND,,ND,,ND,ND,
Bin_340252,94 ± 85,69 ± 25,0.056,0.31,0.73,ND,,ND,,ND,,ND,ND,
Bin_339455,628 ± 212,597 ± 336,0.09,0.403,0.95,ND,,ND,,ND,,ND,ND,
Bin_339431,73 ± 51,69 ± 26,0.826,0.936,0.94,ND,,ND,,ND,,ND,ND,
Bin_339428,87 ± 49,70 ± 29,0.031,0.268,0.81,ND,,ND,,ND,,ND,ND,
Bin_337474,ND,ND,ND,ND,ND,62 ± 21,,60 ± 15,,0.945,,0.99,0.97,
Bin_337286,187 ± 130,207 ± 152,0.612,0.804,1.1,ND,,ND,,ND,,ND,ND,
Bin_337157,505 ± 714,896 ± 1561,0.259,0.589,1.77,ND,,ND,,ND,,ND,ND,
Bin_326500,ND,ND,ND,ND,ND,339 ± 204,,241 ± 144,,0.003,,0.044,0.71,
Bin_322652,671 ± 319,507 ± 248,0.03,0.258,0.76,568 ± 393,,526 ± 207,,0.646,,0.892,0.93,
Bin_321692,598 ± 229,539 ± 207,0.41,0.687,0.9,501 ± 97,,497 ± 99,,0.764,,0.935,0.99,
Bin_319168,3279 ± 2504,2839 ± 2228,0.028,0.257,0.87,ND,,ND,,ND,,ND,ND,
Bin_316966,ND,ND,ND,ND,ND,510 ± 121,,509 ± 151,,0.776,,0.935,1,
Bin_314770,1074 ± 512,976 ± 688,0.203,0.543,0.91,ND,,ND,,ND,,ND,ND,
Bin_312142,ND,ND,ND,ND,ND,168 ± 57,,151 ± 68,,0.131,,0.385,0.9,
Bin_310667,1755 ± 636,1868 ± 999,0.98,0.989,1.06,ND,,ND,,ND,,ND,ND,
Bin_310078,ND,ND,ND,ND,ND,65 ± 22,,69 ± 45,,1,,1,1.07,
Bin_310010,ND,ND,ND,ND,ND,1099 ± 1182,,619 ± 507,,0.032,,0.196,0.56,
Bin_310006,ND,ND,ND,ND,ND,201 ± 79,,184 ± 69,,0.141,,0.4,0.91,
Bin_309730,626 ± 624,693 ± 723,0.869,0.951,1.11,1570 ± 591,,1513 ± 756,,0.541,,0.834,0.96,
Bin_309642,1258 ± 857,1226 ± 901,0.853,0.943,0.97,2157 ± 605,,1824 ± 805,,0.02,,0.158,0.85,
Bin_309540,454 ± 154,426 ± 158,0.341,0.652,0.94,ND,,ND,,ND,,ND,ND,
Bin_307966,ND,ND,ND,ND,ND,1232 ± 685,,1107 ± 385,,0.381,,0.691,0.9,
Bin_307909,513 ± 294,519 ± 442,0.574,0.781,1.01,ND,,ND,,ND,,ND,ND,
Bin_307889,754 ± 252,650 ± 271,0.053,0.31,0.86,ND,,ND,,ND,,ND,ND,
Bin_305055,9373 ± 6680,8779 ± 6645,0.514,0.744,0.94,ND,,ND,,ND,,ND,ND,
Bin_304346,367 ± 156,300 ± 161,0.012,0.175,0.82,12425 ± 2094,,11665 ± 2664,,0.139,,0.399,0.94,
Bin_303905,404 ± 560,291 ± 358,0.256,0.586,0.72,176 ± 74,,218 ± 353,,0.452,,0.761,1.24,
Bin_302365,647 ± 291,1328 ± 2632,0.366,0.662,2.05,631 ± 363,,1469 ± 5265,,0.656,,0.892,2.33,
Bin_301584,644 ± 417,726 ± 473,0.821,0.936,1.13,ND,,ND,,ND,,ND,ND,
Bin_301536,10467 ± 6282,11895 ± 6993,0.668,0.839,1.14,ND,,ND,,ND,,ND,ND,
Bin_301399,ND,ND,ND,ND,ND,169 ± 54,,166 ± 50,,0.969,,0.992,0.98,
Bin_301325,240 ± 93,247 ± 145,0.874,0.952,1.03,5995 ± 3099,,4645 ± 2808,,0.024,,0.173,0.78,
Bin_300920,ND,ND,ND,ND,ND,1658 ± 231,,1573 ± 201,,0.105,,0.346,0.95,
Bin_300153,345 ± 152,295 ± 137,0.043,0.304,0.86,610 ± 229,,589 ± 234,,0.597,,0.862,0.97,
Bin_300148,153 ± 67,127 ± 52,0.099,0.405,0.83,175 ± 75,,186 ± 119,,0.923,,0.982,1.07,
Bin_300129,ND,ND,ND,ND,ND,1260 ± 798,,1180 ± 844,,0.576,,0.853,0.94,
Bin_299216,80 ± 48,75 ± 31,0.826,0.936,0.94,ND,,ND,,ND,,ND,ND,
Bin_299211,103 ± 102,77 ± 36,0.136,0.477,0.75,74 ± 24,,76 ± 26,,0.862,,0.949,1.02,
Bin_299199,ND,ND,ND,ND,ND,375 ± 125,,288 ± 85,,0.001,,0.016,0.77,
Bin_299159,172 ± 265,127 ± 51,0.522,0.747,0.74,1132 ± 417,,954 ± 501,,0.054,,0.265,0.84,
Bin_299146,272 ± 241,226 ± 85,0.39,0.672,0.83,ND,,ND,,ND,,ND,ND,
Bin_299130,86 ± 63,74 ± 29,0.284,0.616,0.87,64 ± 18,,59 ± 15,,0.23,,0.524,0.92,
Bin_299129,195 ± 167,188 ± 179,0.522,0.747,0.96,153 ± 172,,148 ± 168,,0.619,,0.876,0.97,
Bin_299091,ND,ND,ND,ND,ND,647 ± 846,,419 ± 223,,0.051,,0.263,0.65,
Bin_295269,1329 ± 960,1253 ± 846,0.507,0.743,0.94,ND,,ND,,ND,,ND,ND,
Bin_294999,ND,ND,ND,ND,ND,799 ± 792,,431 ± 381,,0.005,,0.061,0.54,
Bin_294998,ND,ND,ND,ND,ND,389 ± 111,,401 ± 129,,0.751,,0.932,1.03,
Bin_294991,103 ± 71,83 ± 66,0.161,0.502,0.81,ND,,ND,,ND,,ND,ND,
Bin_294988,84 ± 42,65 ± 26,0.014,0.175,0.77,61 ± 14,,59 ± 16,,0.268,,0.572,0.96,
Bin_294986,294 ± 1272,57 ± 20,0.092,0.403,0.19,54 ± 15,,53 ± 13,,0.737,,0.93,0.97,
Bin_293729,238 ± 73,243 ± 78,0.74,0.881,1.03,ND,,ND,,ND,,ND,ND,
Bin_293007,ND,ND,ND,ND,ND,116 ± 39,,107 ± 37,,0.278,,0.585,0.92,
Bin_289052,377 ± 315,274 ± 176,0.005,0.117,0.73,288 ± 458,,230 ± 100,,0.79,,0.935,0.8,
Bin_288822,426 ± 188,445 ± 205,0.788,0.903,1.04,ND,,ND,,ND,,ND,ND,
Bin_285341,ND,ND,ND,ND,ND,1225 ± 296,,1246 ± 344,,0.695,,0.905,1.02,
Bin_285340,227 ± 417,133 ± 68,0.034,0.276,0.59,203 ± 54,,218 ± 102,,0.576,,0.853,1.07,
Bin_285325,ND,ND,ND,ND,ND,8724 ± 1340,,8641 ± 1449,,0.81,,0.935,0.99,
Bin_281951,442 ± 158,386 ± 167,0.058,0.313,0.87,ND,,ND,,ND,,ND,ND,
Bin_281907,ND,ND,ND,ND,ND,415 ± 214,,385 ± 231,,0.284,,0.591,0.93,
Bin_281874,ND,ND,ND,ND,ND,673 ± 294,,415 ± 568,,0,,0.001,0.62,
Bin_281866,764 ± 240,742 ± 261,0.704,0.861,0.97,ND,,ND,,ND,,ND,ND,
Bin_281268,ND,ND,ND,ND,ND,251 ± 62,,256 ± 78,,0.923,,0.982,1.02,
Bin_281172,147 ± 148,135 ± 80,0.838,0.943,0.92,ND,,ND,,ND,,ND,ND,
Bin_281145,ND,ND,ND,ND,ND,9298 ± 1613,,9656 ± 2041,,0.498,,0.788,1.04,
Bin_281134,ND,ND,ND,ND,ND,98 ± 33,,104 ± 56,,0.896,,0.963,1.06,
Bin_281131,ND,ND,ND,ND,ND,204 ± 94,,167 ± 83,,0.087,,0.324,0.82,
Bin_281120,ND,ND,ND,ND,ND,945 ± 155,,972 ± 193,,0.535,,0.829,1.03,
Bin_281118,ND,ND,ND,ND,ND,367 ± 96,,368 ± 126,,0.744,,0.932,1,
Bin_281112,1001 ± 349,728 ± 345,0.002,0.092,0.73,1454 ± 348,,1192 ± 382,,0.001,,0.017,0.82,
Bin_281111,ND,ND,ND,ND,ND,344 ± 79,,371 ± 127,,0.868,,0.951,1.08,
Bin_281108,92 ± 166,60 ± 20,0.374,0.671,0.66,58 ± 17,,59 ± 17,,0.472,,0.77,1.03,
Bin_279691,4347 ± 2322,3341 ± 2451,0.146,0.495,0.77,ND,,ND,,ND,,ND,ND,
Bin_273952,395 ± 161,343 ± 167,0.156,0.496,0.87,ND,,ND,,ND,,ND,ND,
Bin_273925,ND,ND,ND,ND,ND,20951 ± 4224,,20085 ± 4294,,0.358,,0.66,0.96,
Bin_271416,337 ± 153,297 ± 147,0.09,0.403,0.88,285 ± 106,,259 ± 83,,0.309,,0.608,0.91,
Bin_271050,3004 ± 2429,2677 ± 2230,0.105,0.416,0.89,ND,,ND,,ND,,ND,ND,
Bin_270999,ND,ND,ND,ND,ND,224 ± 50,,231 ± 50,,0.4,,0.709,1.03,
Bin_270409,1784 ± 639,1802 ± 962,0.522,0.747,1.01,ND,,ND,,ND,,ND,ND,
Bin_270003,451 ± 192,579 ± 584,0.556,0.76,1.28,361 ± 172,,363 ± 181,,0.837,,0.939,1.01,
Bin_269625,184 ± 158,158 ± 83,0.664,0.836,0.86,64 ± 18,,66 ± 20,,0.731,,0.926,1.03,
Bin_268506,287 ± 125,278 ± 124,0.385,0.672,0.97,202 ± 67,,214 ± 109,,0.678,,0.905,1.06,
Bin_268469,ND,ND,ND,ND,ND,103 ± 45,,87 ± 32,,0.222,,0.524,0.85,
Bin_268445,1007 ± 319,1000 ± 929,0.189,0.541,0.99,ND,,ND,,ND,,ND,ND,
Bin_268365,1157 ± 1967,789 ± 1675,0.223,0.549,0.68,ND,,ND,,ND,,ND,ND,
Bin_268313,ND,ND,ND,ND,ND,4834 ± 576,,4630 ± 758,,0.174,,0.464,0.96,
Bin_268306,356 ± 198,306 ± 170,0.199,0.543,0.86,ND,,ND,,ND,,ND,ND,
Bin_268083,ND,ND,ND,ND,ND,105 ± 35,,101 ± 24,,0.693,,0.905,0.96,
Bin_267884,ND,ND,ND,ND,ND,1041 ± 243,,853 ± 313,,0.001,,0.016,0.82,
Bin_267805,200 ± 122,207 ± 113,0.475,0.735,1.03,128 ± 60,,138 ± 65,,0.699,,0.905,1.07,
Bin_267714,240 ± 170,644 ± 2621,0.767,0.898,2.69,413 ± 270,,635 ± 1872,,0.391,,0.699,1.54,
Bin_267647,ND,ND,ND,ND,ND,214 ± 66,,215 ± 221,,0.182,,0.466,1.01,
Bin_242405,355 ± 346,397 ± 437,0.781,0.898,1.12,233 ± 121,,215 ± 100,,0.606,,0.869,0.92,
Bin_241590,350 ± 208,1785 ± 5148,0.026,0.253,5.11,ND,,ND,,ND,,ND,ND,
Bin_241455,401 ± 355,360 ± 317,0.935,0.979,0.9,185 ± 192,,183 ± 84,,0.557,,0.842,0.99,
Bin_241310,193 ± 49,171 ± 73,0.027,0.255,0.89,84 ± 41,,81 ± 28,,0.699,,0.905,0.96,
Bin_241279,139 ± 57,136 ± 74,0.867,0.951,0.98,ND,,ND,,ND,,ND,ND,
Bin_241087,ND,ND,ND,ND,ND,149 ± 88,,172 ± 206,,0.802,,0.935,1.15,
Bin_241029,ND,ND,ND,ND,ND,113 ± 43,,142 ± 74,,0.08,,0.324,1.25,
Bin_239966,ND,ND,ND,ND,ND,114 ± 32,,105 ± 30,,0.211,,0.51,0.93,
Bin_239873,85 ± 51,70 ± 32,0.099,0.405,0.82,94 ± 22,,94 ± 28,,0.828,,0.935,1,
Bin_239718,1087 ± 603,1016 ± 747,0.314,0.646,0.94,758 ± 527,,588 ± 206,,0.075,,0.316,0.78,
Bin_239599,ND,ND,ND,ND,ND,315 ± 155,,332 ± 155,,0.697,,0.905,1.06,
Bin_239332,ND,ND,ND,ND,ND,354 ± 237,,272 ± 116,,0.027,,0.184,0.77,
Bin_238320,ND,ND,ND,ND,ND,645 ± 146,,634 ± 133,,0.779,,0.935,0.98,
Bin_238267,72 ± 29,75 ± 84,0.262,0.592,1.04,ND,,ND,,ND,,ND,ND,
Bin_236739,ND,ND,ND,ND,ND,8338 ± 1686,,7712 ± 2434,,0.089,,0.324,0.93,
Bin_235972,161 ± 62,142 ± 65,0.166,0.508,0.88,ND,,ND,,ND,,ND,ND,
Bin_235373,106 ± 118,82 ± 33,0.427,0.706,0.77,60 ± 16,,56 ± 15,,0.316,,0.615,0.94,
Bin_235327,ND,ND,ND,ND,ND,3181 ± 1636,,2672 ± 1565,,0.087,,0.324,0.84,
Bin_234580,ND,ND,ND,ND,ND,108 ± 39,,184 ± 419,,0.123,,0.372,1.71,
Bin_233824,ND,ND,ND,ND,ND,200 ± 69,,152 ± 59,,0,,0.009,0.76,
Bin_233466,3109 ± 979,2570 ± 1367,0.006,0.121,0.83,ND,,ND,,ND,,ND,ND,
Bin_233160,103 ± 44,81 ± 32,0.014,0.175,0.79,ND,,ND,,ND,,ND,ND,
Bin_231947,455 ± 199,444 ± 196,0.47,0.735,0.98,472 ± 112,,495 ± 127,,0.347,,0.645,1.05,
Bin_231850,208 ± 191,248 ± 260,0.542,0.752,1.19,228 ± 152,,206 ± 102,,0.65,,0.892,0.91,
Bin_231657,533 ± 162,487 ± 193,0.144,0.492,0.91,633 ± 105,,577 ± 151,,0.037,,0.221,0.91,
Bin_229277,129 ± 40,125 ± 47,0.484,0.737,0.97,ND,,ND,,ND,,ND,ND,
Bin_229268,114 ± 66,93 ± 39,0.192,0.541,0.82,91 ± 24,,86 ± 23,,0.226,,0.524,0.94,
Bin_229203,128 ± 165,96 ± 33,0.538,0.75,0.75,ND,,ND,,ND,,ND,ND,
Bin_229153,ND,ND,ND,ND,ND,6006 ± 1397,,5912 ± 1387,,0.939,,0.989,0.98,
Bin_229113,3041 ± 1082,2484 ± 1431,0.035,0.276,0.82,2467 ± 955,,2633 ± 1119,,0.496,,0.788,1.07,
Bin_228885,806 ± 366,763 ± 274,0.706,0.861,0.95,1499 ± 341,,1516 ± 291,,0.71,,0.913,1.01,
Bin_228671,73 ± 31,72 ± 34,0.509,0.743,0.98,ND,,ND,,ND,,ND,ND,
Bin_228612,ND,ND,ND,ND,ND,354 ± 123,,306 ± 135,,0.051,,0.263,0.86,
Bin_228605,1113 ± 911,1503 ± 1043,0.973,0.984,1.35,ND,,ND,,ND,,ND,ND,
Bin_228583,313 ± 138,313 ± 162,0.914,0.969,1,246 ± 92,,268 ± 131,,0.412,,0.721,1.09,
Bin_228528,152 ± 144,92 ± 60,0.014,0.175,0.61,ND,,ND,,ND,,ND,ND,
Bin_228377,509 ± 185,547 ± 297,0.967,0.982,1.07,2908 ± 2749,,1789 ± 1728,,0.022,,0.162,0.62,
Bin_228147,75 ± 29,64 ± 22,0.09,0.403,0.85,65 ± 16,,65 ± 21,,0.972,,0.992,1.01,
Bin_228144,91 ± 48,64 ± 20,0.006,0.121,0.71,141 ± 137,,113 ± 29,,0.118,,0.367,0.8,
Bin_228018,ND,ND,ND,ND,ND,217 ± 53,,201 ± 49,,0.16,,0.435,0.93,
Bin_227761,ND,ND,ND,ND,ND,580 ± 198,,503 ± 171,,0.081,,0.324,0.87,
Bin_227677,231 ± 121,268 ± 150,0.24,0.573,1.16,172 ± 63,,166 ± 53,,0.752,,0.932,0.96,
Bin_227616,190 ± 66,207 ± 90,0.44,0.721,1.09,ND,,ND,,ND,,ND,ND,
Bin_227597,312 ± 116,278 ± 143,0.09,0.403,0.89,ND,,ND,,ND,,ND,ND,
Bin_227387,138 ± 144,90 ± 73,0.07,0.35,0.66,60 ± 15,,59 ± 18,,0.628,,0.882,1,
Bin_227367,152 ± 69,146 ± 73,0.707,0.861,0.97,ND,,ND,,ND,,ND,ND,
Bin_227363,158 ± 74,191 ± 308,0.552,0.759,1.21,ND,,ND,,ND,,ND,ND,
Bin_227352,894 ± 399,1036 ± 601,0.425,0.706,1.16,266 ± 99,,276 ± 86,,0.329,,0.631,1.04,
Bin_227017,1075 ± 569,1209 ± 1340,0.51,0.743,1.13,ND,,ND,,ND,,ND,ND,
Bin_226927,86 ± 36,76 ± 32,0.21,0.543,0.88,94 ± 24,,89 ± 27,,0.349,,0.646,0.95,
Bin_226923,96 ± 134,72 ± 32,0.462,0.733,0.75,63 ± 16,,60 ± 18,,0.338,,0.64,0.95,
Bin_226922,127 ± 222,215 ± 692,0.971,0.984,1.69,79 ± 31,,69 ± 19,,0.067,,0.293,0.87,
Bin_226910,85 ± 86,69 ± 28,0.693,0.857,0.82,73 ± 21,,67 ± 25,,0.196,,0.488,0.92,
Bin_226908,151 ± 214,101 ± 145,0.215,0.543,0.67,92 ± 81,,66 ± 55,,0.032,,0.196,0.73,
Bin_226906,ND,ND,ND,ND,ND,262 ± 97,,239 ± 84,,0.331,,0.633,0.91,
Bin_226903,90 ± 74,71 ± 24,0.326,0.652,0.79,75 ± 21,,78 ± 22,,0.464,,0.77,1.04,
Bin_226876,124 ± 196,128 ± 134,0.65,0.824,1.03,94 ± 45,,92 ± 21,,0.823,,0.935,0.98,
Bin_226864,170 ± 100,116 ± 56,0.011,0.173,0.68,ND,,ND,,ND,,ND,ND,
Bin_226860,197 ± 103,521 ± 967,0.128,0.459,2.65,ND,,ND,,ND,,ND,ND,
Bin_226852,ND,ND,ND,ND,ND,313 ± 126,,286 ± 262,,0.026,,0.181,0.91,
Bin_226848,170 ± 417,222 ± 390,0.395,0.672,1.31,101 ± 26,,93 ± 24,,0.263,,0.568,0.93,
Bin_226846,82 ± 46,80 ± 33,0.855,0.943,0.98,56 ± 12,,53 ± 14,,0.287,,0.592,0.96,
Bin_226845,ND,ND,ND,ND,ND,427 ± 150,,378 ± 97,,0.118,,0.367,0.89,
Bin_226844,233 ± 811,318 ± 994,0.912,0.969,1.36,227 ± 66,,165 ± 76,,0,,0.001,0.73,
Bin_226843,123 ± 119,98 ± 34,0.276,0.604,0.8,ND,,ND,,ND,,ND,ND,
Bin_226842,403 ± 1789,76 ± 35,0.213,0.543,0.19,108 ± 67,,95 ± 42,,0.232,,0.524,0.88,
Bin_226841,278 ± 337,165 ± 114,0.016,0.193,0.6,213 ± 53,,206 ± 79,,0.267,,0.572,0.97,
Bin_226272,ND,ND,ND,ND,ND,102 ± 40,,107 ± 37,,0.47,,0.77,1.05,
Bin_225837,108 ± 122,173 ± 578,0.921,0.972,1.6,ND,,ND,,ND,,ND,ND,
Bin_225555,754 ± 1119,735 ± 1154,0.876,0.953,0.97,651 ± 1025,,940 ± 1970,,0.814,,0.935,1.44,
Bin_225539,124 ± 50,121 ± 63,0.502,0.743,0.97,75 ± 31,,73 ± 32,,0.789,,0.935,0.98,
Bin_225449,228 ± 177,244 ± 205,0.526,0.747,1.07,ND,,ND,,ND,,ND,ND,
Bin_225448,4096 ± 2554,4260 ± 3481,0.935,0.979,1.04,ND,,ND,,ND,,ND,ND,
Bin_225446,1202 ± 597,1092 ± 443,0.387,0.672,0.91,906 ± 312,,930 ± 509,,0.898,,0.963,1.03,
Bin_225431,ND,ND,ND,ND,ND,162 ± 48,,159 ± 108,,0.299,,0.599,0.98,
Bin_225434,390 ± 279,572 ± 575,0.032,0.269,1.47,ND,,ND,,ND,,ND,ND,
Bin_225430,377 ± 231,702 ± 537,0.013,0.175,1.86,310 ± 193,,649 ± 525,,0.001,,0.017,2.09,
Bin_225427,461 ± 417,422 ± 503,0.383,0.672,0.91,644 ± 346,,568 ± 337,,0.28,,0.587,0.88,
Bin_225405,229 ± 133,291 ± 242,0.294,0.621,1.27,391 ± 255,,308 ± 175,,0.046,,0.251,0.79,
Bin_225400,354 ± 304,342 ± 271,0.504,0.743,0.97,602 ± 509,,434 ± 244,,0.089,,0.324,0.72,
Bin_225397,1440 ± 1173,1751 ± 1517,0.059,0.316,1.22,1194 ± 1568,,1006 ± 472,,0.586,,0.858,0.84,
Bin_225396,462 ± 571,325 ± 265,0.446,0.723,0.7,454 ± 228,,376 ± 263,,0.029,,0.188,0.83,
Bin_225393,118 ± 70,305 ± 307,0,0.02,2.58,92 ± 44,,170 ± 96,,0,,0.001,1.85,
Bin_225391,298 ± 229,471 ± 573,0.027,0.255,1.58,ND,,ND,,ND,,ND,ND,
Bin_225386,ND,ND,ND,ND,ND,291 ± 360,,194 ± 107,,0.024,,0.173,0.67,
Bin_224859,ND,ND,ND,ND,ND,178 ± 43,,158 ± 43,,0.011,,0.101,0.89,
Bin_223973,ND,ND,ND,ND,ND,1249 ± 428,,1218 ± 428,,0.955,,0.99,0.98,
Bin_223871,380 ± 141,361 ± 179,0.452,0.725,0.95,156 ± 65,,154 ± 76,,0.815,,0.935,0.99,
Bin_223836,ND,ND,ND,ND,ND,2284 ± 683,,2107 ± 694,,0.137,,0.399,0.92,
Bin_223675,2881 ± 2243,3585 ± 4401,0.426,0.706,1.25,3715 ± 3636,,3999 ± 2565,,0.162,,0.436,1.08,
Bin_223629,142 ± 42,143 ± 85,0.494,0.74,1.01,102 ± 32,,97 ± 32,,0.572,,0.853,0.95,
Bin_223625,266 ± 150,432 ± 1264,0.529,0.747,1.62,214 ± 109,,245 ± 414,,0.178,,0.466,1.14,
Bin_223618,1094 ± 677,823 ± 908,0.004,0.117,0.75,1266 ± 785,,951 ± 1226,,0.01,,0.095,0.75,
Bin_223597,166 ± 78,153 ± 76,0.491,0.738,0.93,323 ± 74,,316 ± 85,,0.432,,0.741,0.98,
Bin_223566,1724 ± 733,1744 ± 914,0.937,0.979,1.01,1307 ± 540,,1121 ± 518,,0.083,,0.324,0.86,
Bin_223548,296 ± 157,235 ± 125,0.049,0.31,0.8,246 ± 90,,235 ± 151,,0.153,,0.421,0.96,
Bin_223521,307 ± 207,293 ± 222,0.658,0.83,0.95,706 ± 256,,675 ± 281,,0.343,,0.641,0.96,
Bin_223519,635 ± 373,732 ± 473,0.396,0.672,1.15,ND,,ND,,ND,,ND,ND,
Bin_223509,119 ± 52,108 ± 46,0.358,0.657,0.91,ND,,ND,,ND,,ND,ND,
Bin_223506,744 ± 296,617 ± 325,0.034,0.276,0.83,427 ± 144,,447 ± 215,,0.854,,0.949,1.05,
Bin_223505,400 ± 133,354 ± 140,0.17,0.512,0.89,159 ± 74,,165 ± 90,,0.995,,0.998,1.04,
Bin_223492,395 ± 141,348 ± 139,0.134,0.474,0.88,ND,,ND,,ND,,ND,ND,
Bin_222169,1032 ± 1038,1372 ± 1854,0.637,0.82,1.33,1943 ± 1295,,1851 ± 1068,,0.973,,0.992,0.95,
Bin_222050,147 ± 76,115 ± 61,0.051,0.31,0.79,ND,,ND,,ND,,ND,ND,
Bin_222049,ND,ND,ND,ND,ND,1077 ± 1874,,1121 ± 1691,,0.621,,0.876,1.04,
Bin_221574,3017 ± 1196,2670 ± 1054,0.096,0.403,0.89,ND,,ND,,ND,,ND,ND,
Bin_221505,161 ± 99,165 ± 104,0.862,0.948,1.02,ND,,ND,,ND,,ND,ND,
Bin_220010,300 ± 177,268 ± 161,0.293,0.621,0.89,587 ± 198,,592 ± 157,,0.619,,0.876,1.01,
Bin_219174,251 ± 636,507 ± 1474,0.96,0.982,2.02,366 ± 833,,176 ± 366,,0.106,,0.347,0.48,
Bin_218951,ND,ND,ND,ND,ND,310 ± 82,,290 ± 104,,0.144,,0.403,0.94,
Bin_218767,ND,ND,ND,ND,ND,558 ± 132,,576 ± 328,,0.728,,0.926,1.03,
Bin_218597,ND,ND,ND,ND,ND,1158 ± 283,,1141 ± 272,,0.761,,0.935,0.99,
Bin_218574,ND,ND,ND,ND,ND,168 ± 53,,175 ± 49,,0.319,,0.619,1.05,
Bin_217870,228 ± 80,216 ± 95,0.336,0.652,0.95,ND,,ND,,ND,,ND,ND,
Bin_216860,ND,ND,ND,ND,ND,934 ± 863,,553 ± 325,,0,,0.008,0.59,
Bin_216428,378 ± 212,333 ± 180,0.296,0.621,0.88,228 ± 79,,214 ± 84,,0.518,,0.81,0.94,
Bin_216043,472 ± 421,505 ± 377,0.396,0.672,1.07,1906 ± 554,,1888 ± 475,,0.983,,0.993,0.99,
Bin_215739,234 ± 256,298 ± 442,0.894,0.96,1.27,ND,,ND,,ND,,ND,ND,
Bin_215463,ND,ND,ND,ND,ND,8518 ± 1312,,8458 ± 1842,,0.752,,0.932,0.99,
Bin_214685,801 ± 305,792 ± 370,0.6,0.795,0.99,ND,,ND,,ND,,ND,ND,
Bin_214537,350 ± 149,343 ± 215,0.763,0.898,0.98,ND,,ND,,ND,,ND,ND,
Bin_214535,256 ± 138,399 ± 618,0.152,0.496,1.56,1162 ± 668,,869 ± 409,,0.048,,0.255,0.75,
Bin_214533,ND,ND,ND,ND,ND,703 ± 478,,402 ± 236,,0.002,,0.031,0.57,
Bin_214430,ND,ND,ND,ND,ND,1953 ± 1887,,1051 ± 912,,0.007,,0.068,0.54,
Bin_214421,622 ± 175,549 ± 251,0.051,0.31,0.88,ND,,ND,,ND,,ND,ND,
Bin_213989,ND,ND,ND,ND,ND,625 ± 166,,563 ± 190,,0.043,,0.242,0.9,
Bin_213972,3150 ± 2351,3235 ± 3450,0.503,0.743,1.03,3422 ± 4135,,2673 ± 2832,,0.592,,0.86,0.78,
Bin_213961,317 ± 185,411 ± 262,0.195,0.543,1.3,2778 ± 1470,,2515 ± 1623,,0.179,,0.466,0.91,
Bin_213960,340 ± 248,278 ± 163,0.102,0.415,0.82,ND,,ND,,ND,,ND,ND,
Bin_213697,314 ± 217,277 ± 138,0.352,0.657,0.88,285 ± 379,,215 ± 82,,0.139,,0.399,0.75,
Bin_213353,ND,ND,ND,ND,ND,202 ± 49,,226 ± 176,,0.6,,0.864,1.12,
Bin_213304,312 ± 99,301 ± 130,0.388,0.672,0.97,ND,,ND,,ND,,ND,ND,
Bin_213253,13949 ± 6467,14099 ± 10237,0.097,0.403,1.01,16446 ± 9524,,18715 ± 7565,,0.058,,0.265,1.14,
Bin_213193,193 ± 61,188 ± 88,0.427,0.706,0.97,97 ± 27,,90 ± 31,,0.234,,0.524,0.93,
Bin_213182,125 ± 50,135 ± 84,0.853,0.943,1.08,ND,,ND,,ND,,ND,ND,
Bin_213143,356 ± 117,372 ± 177,0.764,0.898,1.05,124 ± 52,,128 ± 59,,0.694,,0.905,1.03,
Bin_212866,ND,ND,ND,ND,ND,1306 ± 276,,1238 ± 429,,0.2,,0.492,0.95,
Bin_212649,3985 ± 2249,3201 ± 2390,0.2,0.543,0.8,1997 ± 1063,,1989 ± 977,,0.898,,0.963,1,
Bin_212279,81 ± 32,71 ± 24,0.154,0.496,0.87,59 ± 16,,60 ± 18,,0.883,,0.96,1.01,
Bin_212208,1437 ± 967,1831 ± 1727,0.282,0.614,1.27,ND,,ND,,ND,,ND,ND,
Bin_212022,193 ± 103,365 ± 933,0.584,0.787,1.89,196 ± 199,,755 ± 2659,,0.294,,0.599,3.86,
Bin_211980,482 ± 435,497 ± 383,0.896,0.96,1.03,ND,,ND,,ND,,ND,ND,
Bin_211979,370 ± 98,357 ± 110,0.543,0.752,0.97,286 ± 107,,281 ± 101,,0.868,,0.951,0.98,
Bin_211972,2657 ± 1919,2394 ± 1421,0.563,0.767,0.9,ND,,ND,,ND,,ND,ND,
Bin_211467,291 ± 291,259 ± 353,0.395,0.672,0.89,ND,,ND,,ND,,ND,ND,
Bin_211382,2474 ± 1428,2115 ± 1648,0.107,0.42,0.86,ND,,ND,,ND,,ND,ND,
Bin_210921,ND,ND,ND,ND,ND,31550 ± 5106,,30969 ± 5634,,0.613,,0.876,0.98,
Bin_210904,318 ± 156,302 ± 139,0.491,0.738,0.95,ND,,ND,,ND,,ND,ND,
Bin_210286,1923 ± 1033,1591 ± 867,0.112,0.431,0.83,ND,,ND,,ND,,ND,ND,
Bin_208664,283 ± 121,244 ± 128,0.069,0.348,0.86,ND,,ND,,ND,,ND,ND,
Bin_208557,827 ± 342,729 ± 498,0.052,0.31,0.88,992 ± 786,,984 ± 551,,0.432,,0.741,0.99,
Bin_208538,1335 ± 789,1115 ± 567,0.331,0.652,0.84,ND,,ND,,ND,,ND,ND,
Bin_207223,907 ± 201,801 ± 192,0.044,0.307,0.88,ND,,ND,,ND,,ND,ND,
Bin_206556,ND,ND,ND,ND,ND,512 ± 133,,465 ± 145,,0.097,,0.334,0.91,
Bin_205849,519 ± 512,343 ± 418,0.026,0.253,0.66,ND,,ND,,ND,,ND,ND,
Bin_205700,778 ± 953,459 ± 409,0.041,0.3,0.59,ND,,ND,,ND,,ND,ND,
Bin_205670,180 ± 117,160 ± 103,0.318,0.649,0.89,ND,,ND,,ND,,ND,ND,
Bin_204448,1415 ± 451,1193 ± 432,0.081,0.386,0.84,ND,,ND,,ND,,ND,ND,
Bin_204426,1218 ± 1027,1148 ± 1230,0.241,0.573,0.94,ND,,ND,,ND,,ND,ND,
Bin_204425,236 ± 126,217 ± 107,0.401,0.676,0.92,323 ± 92,,290 ± 102,,0.1,,0.336,0.9,
Bin_204344,18102 ± 13653,13123 ± 8694,0.163,0.502,0.73,ND,,ND,,ND,,ND,ND,
Bin_204157,246 ± 119,236 ± 142,0.628,0.814,0.96,ND,,ND,,ND,,ND,ND,
Bin_203761,346 ± 224,311 ± 225,0.237,0.569,0.9,ND,,ND,,ND,,ND,ND,
Bin_203592,1203 ± 431,1030 ± 426,0.042,0.304,0.86,1401 ± 358,,1377 ± 383,,0.726,,0.926,0.98,
Bin_202664,2891 ± 1224,2966 ± 2334,0.396,0.672,1.03,ND,,ND,,ND,,ND,ND,
Bin_201887,303 ± 108,260 ± 96,0.199,0.543,0.86,290 ± 102,,290 ± 73,,0.644,,0.892,1,
Bin_201862,698 ± 532,627 ± 462,0.772,0.898,0.9,1045 ± 688,,1018 ± 713,,0.666,,0.896,0.98,
Bin_201042,1100 ± 2377,1139 ± 2511,0.53,0.747,1.04,1306 ± 533,,1222 ± 530,,0.385,,0.694,0.94,
Bin_200914,198 ± 59,204 ± 101,0.846,0.943,1.03,157 ± 50,,138 ± 39,,0.07,,0.299,0.88,
Bin_200906,330 ± 129,331 ± 146,0.829,0.937,1,ND,,ND,,ND,,ND,ND,
Bin_200905,544 ± 178,582 ± 257,0.619,0.81,1.07,262 ± 99,,266 ± 117,,0.991,,0.996,1.02,
Bin_200850,1793 ± 689,1580 ± 576,0.096,0.403,0.88,1552 ± 524,,1607 ± 594,,0.803,,0.935,1.04,
Bin_200624,108 ± 141,84 ± 38,0.589,0.789,0.78,63 ± 14,,62 ± 17,,0.441,,0.749,0.99,
Bin_200571,587 ± 645,539 ± 366,0.691,0.857,0.92,ND,,ND,,ND,,ND,ND,
Bin_200541,217 ± 92,200 ± 170,0.138,0.481,0.92,192 ± 100,,190 ± 128,,0.641,,0.892,0.99,
Bin_200523,189 ± 88,256 ± 559,0.847,0.943,1.35,ND,,ND,,ND,,ND,ND,
Bin_200476,412 ± 127,388 ± 135,0.389,0.672,0.94,ND,,ND,,ND,,ND,ND,
Bin_200414,1153 ± 1518,576 ± 684,0.049,0.31,0.5,ND,,ND,,ND,,ND,ND,
Bin_199942,999 ± 339,1069 ± 417,0.48,0.737,1.07,1078 ± 448,,1135 ± 450,,0.696,,0.905,1.05,
Bin_199806,7644 ± 4056,6964 ± 4381,0.345,0.656,0.91,ND,,ND,,ND,,ND,ND,
Bin_199786,8136 ± 5829,8362 ± 6008,0.768,0.898,1.03,3143 ± 798,,4180 ± 1860,,0.001,,0.013,1.33,
Bin_199653,764 ± 362,879 ± 624,0.862,0.948,1.15,ND,,ND,,ND,,ND,ND,
Bin_199615,ND,ND,ND,ND,ND,2682 ± 1492,,2878 ± 1352,,0.311,,0.608,1.07,
Bin_199613,ND,ND,ND,ND,ND,3332 ± 670,,3381 ± 809,,0.78,,0.935,1.02,
Bin_199609,2333 ± 1211,2268 ± 1198,0.718,0.868,0.97,ND,,ND,,ND,,ND,ND,
Bin_199596,1913 ± 786,1660 ± 755,0.152,0.496,0.87,2728 ± 1094,,2955 ± 1015,,0.27,,0.572,1.08,
Bin_199239,1007 ± 561,859 ± 678,0.048,0.31,0.85,ND,,ND,,ND,,ND,ND,
Bin_199203,4498 ± 4833,4896 ± 8364,0.224,0.549,1.09,1981 ± 1718,,2248 ± 3171,,0.772,,0.935,1.14,
